year,state_name,state,candidate,party_name,candidatevotes,totalvotes,Won,party,StripName,LastName,CAND_NAME,CAND_ICI,TTL_RECEIPTS,Note
1980,Alabama,AL,Jeremiah Denton,republican,650362,1296757,1,REP,Jeremiah Denton,DENTON,"DENTON, JEREMIAH A",,648167,
1980,Alabama,AL,Jim Folsom Jr.,democrat,610175,1296757,0,DEM,Jim Folsom,FOLSOM,"FOLSOM, JIM JR",,228746,
1980,Alaska,AK,Frank H. Murkowski,republican,84159,156762,1,REP,Frank H. Murkowski,MURKOWSKI,"MURKOWSKI, FRANK H",,527206,
1980,Alaska,AK,Clark S. Gruening,democrat,72007,156762,0,DEM,Clark S. Gruening,GRUENING,"GRUENING, CLARK",,512411,
1980,Arizona,AZ,Barry Goldwater,republican,432371,874238,1,REP,Barry Goldwater,GOLDWATER,"GOLDWATER, BARRY M",I,908342,
1980,Arizona,AZ,Bill Schulz,democrat,422972,874238,0,DEM,Bill Schulz,SCHULZ,"SCHULZ, WILLIAM R",,1929670,
1980,Arkansas,AR,Dale Bumpers,democrat,477905,808812,1,DEM,Dale Bumpers,BUMPERS,"BUMPERS, DALE",I,299465,
1980,Arkansas,AR,Bill Clark,republican,330576,808812,0,REP,Bill Clark,CLARK,"CLARK, WILLIAM PENN",,119121,
1980,California,CA,Alan Cranston,democrat,4704098,8324012,1,DEM,Alan Cranston,CRANSTON,"CRANSTON, ALAN",I,3096494,
1980,California,CA,Paul Gann,republican,3091671,8324012,0,REP,Paul Gann,GANN,"GANN, PAUL",,1208851,
1980,Colorado,CO,Gary Hart,democrat,590501,1173142,1,DEM,Gary Hart,HART,"HART, GARY W",I,1018226,
1980,Colorado,CO,Mary Estill Buchanan,republican,571295,1173142,0,REP,Mary Estill Buchanan,BUCHANAN,"BUCHANAN, MARY ESTILL",,1155318,
1980,Connecticut,CT,Christopher J. Dodd,democrat,763969,1356075,1,DEM,Christopher J. Dodd,DODD,"DODD, CHRISTOPHER JOHN",O,1400991,
1980,Connecticut,CT,James L. Buckley,republican,581884,1356075,0,REP,James L. Buckley,BUCKLEY,"BUCKLEY, JAMES LANE",O,1328599,
1980,Florida,FL,Paula Hawkins,republican,1822460,3528028,1,REP,Paula Hawkins,HAWKINS,"HAWKINS, PAULA",,888986,
1980,Florida,FL,Bill Gunter,democrat,1705409,3528028,0,DEM,Bill Gunter,GUNTER,"GUNTER, BILL",,2166729,
1980,Georgia,GA,Mack Mattingly,republican,803686,1579829,1,REP,Mack Mattingly,MATTINGLY,"MATTINGLY,MACK F",,661811,
1980,Georgia,GA,Herman E. Talmadge,democrat,776143,1579829,0,DEM,Herman E. Talmadge,TALMADGE,"TALMADGE, HERMAN EUGENE",I,2172441,
1980,Hawaii,HI,Daniel K. Inouye,democrat,224485,288006,1,DEM,Daniel K. Inouye,INOUYE,"INOUYE, DANIEL K",I,747213,
1980,Hawaii,HI,Cooper Brown,republican,53068,288006,0,REP,Cooper Brown,BROWN,"BROWN, E COOPER",,14639,
1980,Idaho,ID,Steve Symms,republican,218701,439647,1,REP,Steve Symms,SYMMS,"SYMMS, STEVE",,1537210,
1980,Idaho,ID,Frank Church,democrat,214439,439647,0,DEM,Frank Church,CHURCH,"CHURCH, FRANK",I,1728147,
1980,Illinois,IL,Alan J. Dixon,democrat,2565302,4580029,1,DEM,Alan J. Dixon,DIXON,"DIXON, ALAN J",O,2396908,
1980,Illinois,IL,David C. O'Neal,republican,1946296,4580029,0,REP,David C. O'Neal,NEAL,,,1316635,
1980,Indiana,IN,Dan Quayle,republican,1182414,2198376,1,REP,Dan Quayle,QUAYLE,"QUAYLE, DAN",,2313416,
1980,Indiana,IN,Birch Bayh,democrat,1015962,2198376,0,DEM,Birch Bayh,BAYH,"BAYH, BIRCH E. JR.",I,2213427,
1980,Iowa,IA,Charles E. Grassley,republican,683014,1276986,1,REP,Charles E. Grassley,GRASSLEY,"GRASSLEY, CHARLES E",,1645089,
1980,Iowa,IA,John Culver,democrat,581545,1276986,0,DEM,John Culver,CULVER,"CULVER, JOHN C.",I,1775398,
1980,Kansas,KS,Bob Dole,republican,598686,938957,1,REP,Bob Dole,DOLE,"DOLE, ROBERT",I,899400,
1980,Kansas,KS,John Simpson,democrat,340271,938957,0,DEM,John Simpson,SIMPSON,"SIMPSON, JOHN",,340147,
1980,Kentucky,KY,Wendell H. Ford,democrat,720891,1106920,1,DEM,Wendell H. Ford,FORD,"FORD, WENDELL H.",I,571844,
1980,Kentucky,KY,Mary Louise Foust,republican,386029,1106920,0,REP,Mary Louise Foust,FOUST,"FOUST, MARY LOUISE",,3997,
1980,Louisiana,LA,Russell B. Long,democrat,484770,841013,1,DEM,Russell B. Long,LONG,"LONG, RUSSELL B",I,1483275,
1980,Louisiana,LA,Louis Woody Jenkins,democrat,325922,841013,0,DEM,Louis Woody Jenkins,JENKINS,"JENKINS, LOUIS E. JR.",,236835,
1980,Maryland,MD,Charles McC. Mathias Jr. ,republican,850970,1286088,1,REP,Charles McC. Mathias,MATHIAS,"MATHIAS, CHARLES MCC. JR.",I,874995,
1980,Maryland,MD,Edward T. Conroy,democrat,435118,1286088,0,DEM,Edward T. Conroy,CONROY,"CONROY, EDWARD THOMAS",,160587,
1980,Missouri,MO,Thomas F. Eagleton,democrat,1074859,2066965,1,DEM,Thomas F. Eagleton,EAGLETON,"EAGLETON, THOMAS F.",I,1023085,
1980,Missouri,MO,Gene McNary,republican,985399,2066965,0,REP,Gene McNary,MCNARY,"MCNARY, GENE",,815417,
1980,Nevada,NV,Paul Laxalt,republican,144224,243273,1,REP,Paul Laxalt,LAXALT,"LAXALT, PAUL",I,1196599,
1980,Nevada,NV,Mary Gojack,democrat,92129,243273,0,DEM,Mary Gojack,GOJACK,"GOJACK, MARY L",,286262,
1980,New Hampshire,NH,Warren Rudman,republican,195559,375060,1,REP,Warren Rudman,RUDMAN,"RUDMAN, WARREN B",,635272,
1980,New Hampshire,NH,John A. Durkin,democrat,179455,375060,0,DEM,John A. Durkin,DURKIN,"DURKIN, JOHN ANTHONY",I,677975,
1980,New York,NY,Elizabeth Holtzman,democrat,2618661,6014914,1,DEM,Elizabeth Holtzman,HOLTZMAN,"HOLTZMAN, ELIZABETH",,1869183,
1980,New York,NY,Alfonse M. D'Amato,republican,2272082,6014914,0,REP,Alfonse M. D'Amato,AMATO,,,1554064,
1980,North Carolina,NC,John P. East,republican,898064,1797665,1,REP,John P. East,EAST,"EAST, JOHN P.",,1332565,
1980,North Carolina,NC,Robert Morgan,democrat,887653,1797665,0,DEM,Robert Morgan,MORGAN,"MORGAN, ROBERT B.",I,891297,
1980,Ohio,OH,John Glenn,democrat,2770786,4027303,1,DEM,John Glenn,GLENN,"GLENN, JOHN",I,1245719,
1980,Ohio,OH,James E. Betts,republican,1137695,4027303,0,REP,James E. Betts,BETTS,"BETTS, JAMES E",,431344,
1980,Oklahoma,OK,Don Nickles,republican,587252,1098294,1,REP,Don Nickles,NICKLES,"NICKLES, DONALD LEE",O,925097,
1980,Oklahoma,OK,Andy Coats,democrat,478283,1098294,0,DEM,Andy Coats,COATS,"COATS, ANDY",O,799950,
1980,Oregon,OR,Bob Packwood,republican,594290,1140494,1,REP,Bob Packwood,PACKWOOD,"PACKWOOD, BOB",I,1475510,
1980,Oregon,OR,Ted Kulongoski,democrat,501963,1140494,0,DEM,Ted Kulongoski,KULONGOSKI,"KULONGOSKI, TED",,199632,
1980,Pennsylvania,PA,Arlen Specter,republican,2230404,4418042,1,REP,Arlen Specter,SPECTER,"SPECTER, ARLEN",O,1512342,
1980,Pennsylvania,PA,Pete Flaherty,democrat,2122391,4418042,0,DEM,Pete Flaherty,FLAHERTY,"FLAHERTY, PETE",O,507754,
1980,South Carolina,SC,Ernest Fritz Hollings,democrat,612554,870500,1,DEM,Ernest Fritz Hollings,HOLLINGS,"HOLLINGS, ERNEST F.",I,810270,
1980,South Carolina,SC,Marshall Mays,republican,257946,870500,0,REP,Marshall Mays,MAYS,"MAYS, MARSHALL TRAMMELL",,61838,
1980,South Dakota,SD,James Abdnor,republican,190594,327478,1,REP,James Abdnor,ABDNOR,"ABDNOR, JAMES",,1814124,
1980,South Dakota,SD,George McGovern,democrat,129018,327478,0,DEM,George McGovern,MCGOVERN,"MCGOVERN, GEORGE",I,3136721,
1980,Utah,UT,Jake Garn,republican,437675,594298,1,REP,Jake Garn,GARN,"GARN, E. J. JAKE",I,1125402,
1980,Utah,UT,Dan Berman,democrat,151454,594298,0,DEM,Dan Berman,BERMAN,"BERMAN, DANIEL LEWIS",,264120,
1980,Vermont,VT,Patrick J. Leahy,democrat,104176,209124,1,DEM,Patrick J. Leahy,LEAHY,"LEAHY, PATRICK J.",I,410244,
1980,Vermont,VT,Stewart M. Ledbetter,republican,101421,209124,0,REP,Stewart M. Ledbetter,LEDBETTER,"LEDBETTER, STEWART",,481174,
1980,Washington,WA,Slade Gorton,republican,936317,1728369,1,REP,Slade Gorton,GORTON,"GORTON, SLADE",,709165,
1980,Washington,WA,Warren G. Magnuson,democrat,792052,1728369,0,DEM,Warren G. Magnuson,MAGNUSON,"MAGNUSON, WARREN G",I,998609,
1980,Wisconsin,WI,Robert W. Kasten Jr.,republican,1106311,2204202,1,REP,Robert W. Kasten,KASTEN,"KASTEN, ROBERT JR",,725281,
1980,Wisconsin,WI,Gaylord A. Nelson,democrat,1065487,2204202,0,DEM,Gaylord A. Nelson,NELSON,"NELSON, GAYLORD A.",I,788112,
1984,Alabama,AL,Howell Heflin,democrat,860535,1371234,1,DEM,Howell Heflin,HEFLIN,"HEFLIN, HOWELL THOMAS",I,2247582,
1984,Alabama,AL,Albert Lee Smith,republican,498508,1371234,0,REP,Albert Lee Smith,SMITH,"SMITH, ALBERT LEE JR",C,584002,
1984,Alaska,AK,Ted Stevens,republican,146919,206438,1,REP,Ted Stevens,STEVENS,"STEVENS, TED",I,1331218,
1984,Alaska,AK,John E. Havelock,democrat,58804,206438,0,DEM,John E. Havelock,HAVELOCK,"HAVELOCK, JOHN ERIC",,92982,
1984,Arkansas,AR,David Pryor,democrat,502341,875956,1,DEM,David Pryor,PRYOR,"PRYOR, DAVID HAMPTON",I,1910676,
1984,Arkansas,AR,Ed Bethune,republican,373615,875956,0,REP,Ed Bethune,BETHUNE,"BETHUNE, ED",,1076792,
1984,Colorado,CO,"William L. ""Bill"" Armstrong",republican,833821,1297809,1,REP,"William L. ""Bill"" Armstrong",ARMSTRONG,"ARMSTRONG, WILLIAM L",I,3105821,
1984,Colorado,CO,Nancy Dick,democrat,449327,1297809,0,DEM,Nancy Dick,DICK,"DICK, NANCY",C,960117,
1984,Delaware,DE,Joseph R. Biden Jr.,democrat,147831,245932,1,DEM,Joseph R. Biden,BIDEN,"BIDEN, JOSEPH",I,1429164,
1984,Delaware,DE,John M. Burris,republican,98101,245932,0,REP,John M. Burris,BURRIS,"BURRIS, JOHN M",,817586,
1984,Georgia,GA,Sam Nunn,democrat,1344104,1681344,1,DEM,Sam Nunn,NUNN,"NUNN, SAM",I,1292637,
1984,Georgia,GA,Mike Hicks,republican,337196,1681344,0,REP,Mike Hicks,HICKS,"HICKS, JON MICHAEL",,-1,
1984,Idaho,ID,James A. McClure,republican,293193,406168,1,REP,James A. McClure,MCCLURE,"MCCLURE, JAMES A",I,1268707,
1984,Idaho,ID,Peter M. Busch,democrat,105591,406168,0,DEM,Peter M. Busch,BUSCH,"BUSCH, PETER MARTIN",,30777,
1984,Illinois,IL,Paul Simon,democrat,2397165,4787335,1,DEM,Paul Simon,SIMON,"SIMON, PAUL",,4586036,
1984,Illinois,IL,Charles H. Percy,republican,2308039,4787335,0,REP,Charles H. Percy,PERCY,"PERCY, CHARLES H SENATOR",I,5419822,
1984,Iowa,IA,Tom Harkin,democrat,716883,1292700,1,DEM,Tom Harkin,HARKIN,"HARKIN, THOMAS",C,2848763,
1984,Iowa,IA,Roger W. Jepsen,republican,564381,1292700,0,REP,Roger W. Jepsen,JEPSEN,"JEPSEN, ROGER W",I,2661443,
1984,Kansas,KS,Nancy Landon Kassebaum,republican,757402,996729,1,REP,Nancy Landon Kassebaum,KASSEBAUM,"KASSEBAUM, NANCY LANDON",I,576455,
1984,Kansas,KS,James R. Maher,democrat,211664,996729,0,DEM,James R. Maher,MAHER,"MAHER, JAMES RILEY",C,32909,
1984,Kentucky,KY,Mitch McConnell,republican,644990,1292407,1,REP,Mitch McConnell,MCCONNELL,"MCCONNELL, MITCH",C,1591303,
1984,Kentucky,KY,Walter (Dee) Huddleston,democrat,639721,1292407,0,DEM,Walter (Dee) Huddleston,HUDDLESTON,"HUDDLESTON, WALTER DARLINGTON",I,2189001,
1984,Louisiana,LA,J. Bennett Johnston Jr.,democrat,838181,977472,1,DEM,J. Bennett Johnston,JOHNSTON,"JOHNSTON, JOHN BENNETT",I,1484557,
1984,Louisiana,LA,Robert M. Ross ,republican,86546,977473,0,REP,Robert M. Ross,ROSS,,C,-1,
1984,Maine,ME,William S. Cohen,republican,404414,551406,1,REP,William S. Cohen,COHEN,"COHEN, WILLIAM S",I,1158160,
1984,Maine,ME,Elizabeth H. Mitchell,democrat,142626,551406,0,DEM,Elizabeth H. Mitchell,MITCHELL,"MITCHELL, ELIZABETH H",C,437517,
1984,Massachusetts,MA,John F. Kerry,democrat,1393150,2530471,1,DEM,John F. Kerry,KERRY,"KERRY, JOHN F",O,2162530,
1984,Massachusetts,MA,Raymond Shamie,republican,1136913,2530471,0,REP,Raymond Shamie,SHAMIE,"SHAMIE, RAYMOND",O,4196521,
1984,Michigan,MI,Carl Levin,democrat,1915831,3700938,1,DEM,Carl Levin,LEVIN,"LEVIN, CARL",I,3517444,
1984,Michigan,MI,Jack Lousma,republican,1745302,3700938,0,REP,Jack Lousma,LOUSMA,"LOUSMA, JACK R",,1772925,
1984,Minnesota,MN,Rudy Boschwitz,republican,1199926,2066143,1,REP,Rudy Boschwitz,BOSCHWITZ,"BOSCHWITZ, RUDOLPH",I,5990574,
1984,Minnesota,MN,Joan Anderson Growe,democrat,852844,2066143,0,DEM,Joan Anderson Growe,GROWE,,,1611348,
1984,Mississippi,MS,Thad Cochran,republican,580314,952240,1,REP,Thad Cochran,COCHRAN,"COCHRAN, THAD",I,2768728,
1984,Mississippi,MS,William F. Winter,democrat,371926,952240,0,DEM,William F. Winter,WINTER,"WINTER, WILLIAM FORREST",,741534,
1984,Montana,MT,Max Baucus,democrat,215704,379155,1,DEM,Max Baucus,BAUCUS,"BAUCUS, MAX",I,1239892,
1984,Montana,MT,Chuck Cozzens,republican,154308,379155,0,REP,Chuck Cozzens,COZZENS,"COZZENS, CHARLES FAY (CHUCK)",,585826,
1984,Nebraska,NE,J. J. Exon,democrat,332217,639668,1,DEM,J. J. Exon,EXON,"EXON, J JAMES",I,888505,
1984,Nebraska,NE,Nancy Hoch,republican,307147,639668,0,REP,Nancy Hoch,HOCH,"HOCH, NANCY DELONG",,585231,
1984,New Hampshire,NH,Gordon J. Humphrey,republican,225828,384369,1,REP,Gordon J. Humphrey,HUMPHREY,"HUMPHREY, GORDON J",I,1699044,
1984,New Hampshire,NH,Norman E. D'Amours,democrat,157447,384369,0,DEM,Norman E. D'Amours,AMOURS,,,1070220,
1984,New Jersey,NJ,Bill Bradley,democrat,1986644,3096456,1,DEM,Bill Bradley,BRADLEY,"BRADLEY, BILL",I,4317423,
1984,New Jersey,NJ,Mary V. Mochary,republican,1080100,3096456,0,REP,Mary V. Mochary,MOCHARY,"MOCHARY, MARY V",,965782,
1984,New Mexico,NM,Pete V. Domenici,republican,361371,502634,1,REP,Pete V. Domenici,DOMENICI,"DOMENICI, PETE V",I,2638991,
1984,New Mexico,NM,Judith A. Pratt,democrat,141253,502634,0,DEM,Judith A. Pratt,PRATT,"PRATT, JUDITH A",,304186,
1984,North Carolina,NC,Jesse Helms,republican,1156768,2239051,1,REP,Jesse Helms,HELMS,"HELMS, JESSE",I,16529040,
1984,North Carolina,NC,James B. (Jim) Hunt Jr.,democrat,1070488,2239051,0,DEM,James B. (Jim) Hunt,HUNT,"HUNT, JAMES B JR",,10063502,
1984,Oklahoma,OK,David Boren,democrat,906131,1197937,1,DEM,David Boren,BOREN,"BOREN, DAVID LYLE",I,983553,
1984,Oklahoma,OK,Will E. Bill Crozier,republican,280638,1197937,0,REP,Will E. Bill Crozier,CROZIER,"CROZIER, WILLIAM E",,31380,
1984,Oregon,OR,Mark O. Hatfield,republican,808152,1214735,1,REP,Mark O. Hatfield,HATFIELD,"HATFIELD, MARK ODOM",I,822875,
1984,Oregon,OR,Margie Hendriksen,democrat,406122,1214735,0,DEM,Margie Hendriksen,HENDRIKSEN,"HENDRIKSEN, MARGIE",,255897,
1984,Rhode Island,RI,Claiborne deB. Pell,democrat,285811,393356,1,DEM,Claiborne deB. Pell,PELL,"PELL, CLAIBORNE",I,731466,
1984,Rhode Island,RI,Barbara M. Leonard,republican,107545,393356,0,REP,Barbara M. Leonard,LEONARD,"LEONARD, BARBARA M",,164275,
1984,South Carolina,SC,Strom Thurmond,republican,644815,965130,1,REP,Strom Thurmond,THURMOND,"THURMOND, STROM",I,1185055,
1984,South Carolina,SC,Melvin Purvis,democrat,306982,965130,0,DEM,Melvin Purvis,PURVIS,"PURVIS, MELVIN HORACE",,11688,
1984,South Dakota,SD,Larry Pressler,republican,235176,315713,1,REP,Larry Pressler,PRESSLER,"PRESSLER, LARRY",I,1249604,
1984,South Dakota,SD,George V. Cunningham,democrat,80537,315713,0,DEM,George V. Cunningham,CUNNINGHAM,"CUNNINGHAM, GEORGE VINTON",,174268,
1984,Tennessee,TN,Albert Gore Jr.,democrat,1000607,1648036,1,DEM,Albert Gore,GORE,"GORE, ALBERT JR",O,3166007,
1984,Tennessee,TN,Victor Ashe,republican,557016,1648036,0,REP,Victor Ashe,ASHE,"ASHE, VICTOR HENDERSON",O,1777975,
1984,Texas,TX,Phil Gramm,republican,3111348,5314178,1,REP,Phil Gramm,GRAMM,"GRAMM, WILLIAM PHILIP",O,9863651,
1984,Texas,TX,Lloyd Doggett,democrat,2202557,5314178,0,DEM,Lloyd Doggett,DOGGETT,"DOGGETT, LLOYD ALTON",O,6032864,
1984,Virginia,VA,John W. Warner,republican,1406194,2007487,1,REP,John W. Warner,WARNER,"WARNER, JOHN W",I,2830779,
1984,Virginia,VA,"Edythe C. ""Edie"" Harrison",democrat,601142,2007487,0,DEM,"Edythe C. ""Edie"" Harrison",HARRISON,"HARRISON, EDYTHE COLTON",,496124,
1984,West Virginia,WV,Jay Rockefeller,democrat,374233,722212,1,DEM,Jay Rockefeller,ROCKEFELLER,"ROCKEFELLER, JAY",O,12093549,
1984,West Virginia,WV,John R. Raese,republican,344680,722212,0,REP,John R. Raese,RAESE,"RAESE, JOHN REEVES",O,1161862,
1984,Wyoming,WY,Al Simpson,republican,146373,186898,1,REP,Al Simpson,SIMPSON,"SIMPSON, ALAN K",I,906121,
1984,Wyoming,WY,Victor A. Ryan,democrat,40525,186898,0,DEM,Victor A. Ryan,RYAN,,,-1,
1988,Arizona,AZ,Dennis DeConcini,democrat,660403,1164539,1,DEM,Dennis DeConcini,DECONCINI,"DECONCINI, DENNIS",I,2818427,
1988,Arizona,AZ,Keith DeGreen,republican,478060,1164539,0,REP,Keith DeGreen,DEGREEN,"DEGREEN, KEITH PAUL",,240971,
1988,California,CA,Pete Wilson,republican,5143409,9743598,1,REP,Pete Wilson,WILSON,"WILSON, PETER B",I,11384736,
1988,California,CA,Leo McCarthy,democrat,4287253,9743598,0,DEM,Leo McCarthy,MCCARTHY,"MCCARTHY, LEO TARCISIUS",,6989914,
1988,Connecticut,CT,Joe Lieberman,democrat,688499,1383526,1,DEM,Joe Lieberman,LIEBERMAN,"LIEBERMAN, JOSEPH I",,2650603,
1988,Connecticut,CT,"Lowell P. Weicker, Jr.",republican,678454,1383526,0,REP,Lowell P. Weicker,WEICKER,,,2517461,
1988,Delaware,DE,"William V. Roth, Jr.",republican,151115,243493,1,REP,William V. Roth,ROTH,"ROTH, WILLIAM V JR",I,1887995,
1988,Delaware,DE,S. B. Woo,democrat,92378,243493,0,DEM,S. B. Woo,WOO,"WOO, S B",,2409188,
1988,Florida,FL,Connie Mack,republican,2051071,4068209,1,REP,Connie Mack,MACK,"MACK, CONNIE",O,5224061,
1988,Florida,FL,Buddy MacKay,democrat,2016553,4068209,0,DEM,Buddy MacKay,MACKAY,"MACKAY, BUDDY",O,3618829,
1988,Hawaii,HI,Spark Matsunaga,democrat,247941,323876,1,DEM,Spark Matsunaga,MATSUNAGA,"MATSUNAGA, SPARK M",I,834722,
1988,Hawaii,HI,Maria M. Hustace,republican,66987,323876,0,REP,Maria M. Hustace,HUSTACE,"HUSTACE, MARIA",,41981,
1988,Indiana,IN,Richard G. Lugar,republican,1430525,2099303,1,REP,Richard G. Lugar,LUGAR,"LUGAR, RICHARD G",I,3029708,
1988,Indiana,IN,Jack Wickes,democrat,668778,2099303,0,DEM,Jack Wickes,WICKES,"WICKES, JOHN F JR",,334817,
1988,Maine,ME,George J. Mitchell,democrat,452581,556745,1,DEM,George J. Mitchell,MITCHELL,"MITCHELL, GEORGE JOHN",I,1810602,
1988,Maine,ME,Jasper S. Wyman,republican,104164,556745,0,REP,Jasper S. Wyman,WYMAN,"WYMAN, JASPER S",,149935,
1988,Maryland,MD,Paul S. Sarbanes,democrat,999166,1617065,1,DEM,Paul S. Sarbanes,SARBANES,"SARBANES, PAUL S",I,1477516,
1988,Maryland,MD,Alan L. Keyes,republican,617537,1617065,0,REP,Alan L. Keyes,KEYES,"KEYES, ALAN LEE",,684527,
1988,Massachusetts,MA,Edward M. Kennedy,democrat,1693344,2606225,1,DEM,Edward M. Kennedy,KENNEDY,"KENNEDY, EDWARD M",I,3304580,
1988,Massachusetts,MA,Joseph D. Malone,republican,884267,2606225,0,REP,Joseph D. Malone,MALONE,"MALONE, JOSEPH DANIEL",,617806,
1988,Michigan,MI,"Donald W. Riegle, Jr.",democrat,2116865,3505985,1,DEM,Donald W. Riegle,RIEGLE,"RIEGLE, DONALD W JR",I,3289327,
1988,Michigan,MI,Jim Dunn,republican,1348219,3505985,0,REP,Jim Dunn,DUNN,"DUNN, JIM",,470976,
1988,Minnesota,MN,Dave Durenberger,republican,1176210,2093953,1,REP,Dave Durenberger,DURENBERGER,"DURENBERGER, DAVE",I,4969448,
1988,Minnesota,MN,"Hubert H. ""Skip"" Humphrey III",democratic-farmer-labor,856694,2093953,0,DEM,"Hubert H. ""Skip"" Humphrey",HUMPHREY,,,2483491,
1988,Mississippi,MS,Trent Lott,republican,510380,946719,1,REP,Trent Lott,LOTT,"LOTT, TRENT",O,3602481,
1988,Mississippi,MS,Wayne Dowdy,democrat,436339,946719,0,DEM,Wayne Dowdy,DOWDY,"DOWDY, WAYNE",O,2195960,
1988,Missouri,MO,John C. Danforth,republican,1407416,2078875,1,REP,John C. Danforth,DANFORTH,"DANFORTH, JOHN C",I,4077855,
1988,Missouri,MO,Jeremiah W. (Jay) Nixon,democrat,660045,2078875,0,DEM,Jeremiah W. (Jay) Nixon,NIXON,"NIXON, JAY",,804513,
1988,Montana,MT,Conrad Burns,republican,189445,365254,1,REP,Conrad Burns,BURNS,"BURNS, CONRAD R",,1099498,
1988,Montana,MT,John Melcher,democrat,175809,365254,0,DEM,John Melcher,MELCHER,"MELCHER, JOHN D",I,1237661,
1988,Nebraska,NE,Bob Kerrey,democrat,378717,667860,1,DEM,Bob Kerrey,KERREY,"KERREY, JOSEPH ROBERT",,3485728,
1988,Nebraska,NE,Dave Karnes,republican,278250,667860,0,REP,Dave Karnes,KARNES,"KARNES, DAVID",I,3420597,
1988,Nevada,NV,Richard H. Bryan,democrat,175548,342407,1,DEM,Richard H. Bryan,BRYAN,"BRYAN, RICHARD H",,2988750,
1988,Nevada,NV,Chic Hecht,republican,161336,342407,0,REP,Chic Hecht,HECHT,"HECHT, CHIC",I,2905505,
1988,New Jersey,NJ,Frank R. Lautenberg,democrat,1599905,2987634,1,DEM,Frank R. Lautenberg,LAUTENBERG,"LAUTENBERG, FRANK R",I,7087476,
1988,New Jersey,NJ,Peter M. Dawkins,republican,1349937,2987634,0,REP,Peter M. Dawkins,DAWKINS,"DAWKINS, PETER MILLER",,7766535,
1988,New Mexico,NM,Jeff Bingaman,democrat,321983,508598,1,DEM,Jeff Bingaman,BINGAMAN,"BINGAMAN, JEFF",I,3176793,
1988,New Mexico,NM,Bill Valentine,republican,186579,508598,0,REP,Bill Valentine,VALENTINE,"VALENTINE, WILLIAM R ""BILL""",,661825,
1988,New York,NY,Daniel Patrick Moynihan,democrat,3907178,6040980,1,DEM,Daniel Patrick Moynihan,MOYNIHAN,"MOYNIHAN, DANIEL PATRICK",I,4350271,
1988,New York,NY,Robert R. McMillan,republican,1686558,6040980,0,REP,Robert R. McMillan,MCMILLAN,"MCMILLAN, ROBERT RALPH",,536779,
1988,North Dakota,ND,Quentin N. Burdick,democrat,171899,289170,1,DEM,Quentin N. Burdick,BURDICK,"BURDICK, QUENTIN N",I,1755318,
1988,North Dakota,ND,Earl Strinden,republican,112937,289170,0,REP,Earl Strinden,STRINDEN,"STRINDEN, EARL S",,908607,
1988,Ohio,OH,Howard M. Metzenbaum,democrat,2480038,4352905,1,DEM,Howard M. Metzenbaum,METZENBAUM,"METZENBAUM, HOWARD M",I,7312533,
1988,Ohio,OH,George V Voinovich,republican,1872716,4352905,0,REP,George V Voinovich,VOINOVICH,"VOINOVICH, GEORGE V",,7828764,
1988,Pennsylvania,PA,John Heinz,republican,2901715,4366598,1,REP,John Heinz,HEINZ,"HEINZ, HENRY JOHN III",I,5272749,
1988,Pennsylvania,PA,Joe Vignola,democrat,1416764,4366598,0,DEM,Joe Vignola,VIGNOLA,"VIGNOLA, JOSEPH C",,531788,
1988,Rhode Island,RI,John H. Chaffee,republican,217273,397990,1,REP,John H. Chaffee,CHAFFEE,,,2455215,
1988,Rhode Island,RI,Richard A. Licht,democrat,180717,397990,0,DEM,Richard A. Licht,LICHT,"LICHT, RICHARD A",,2922990,
1988,Tennessee,TN,Jim Sasser,democrat,1020061,1567181,1,DEM,Jim Sasser,SASSER,"SASSER, JAMES R",I,3218986,
1988,Tennessee,TN,Bill Andersen,republican,541033,1567181,0,REP,Bill Andersen,ANDERSEN,"ANDERSEN, WILLIAM E",,613704,
1988,Texas,TX,Lloyd Bentsen,democrat,3149806,5323606,1,DEM,Lloyd Bentsen,BENTSEN,"BENTSEN, SENATOR LLOYD",I,8280013,
1988,Texas,TX,Beau Boulter,republican,2129228,5323606,0,REP,Beau Boulter,BOULTER,"BOULTER, ELDON BEAU",,1347834,
1988,Utah,UT,Orrin G. Hatch,republican,430089,640702,1,REP,Orrin G. Hatch,HATCH,"HATCH, ORRIN G",I,4123756,
1988,Utah,UT,Brian H. Moss,democrat,203364,640702,0,DEM,Brian H. Moss,MOSS,"MOSS, BRIAN H",,154409,
1988,Vermont,VT,James M. Jeffords,republican,163183,240108,1,REP,James M. Jeffords,JEFFORDS,"JEFFORDS, JAMES M",O,976451,
1988,Vermont,VT,Bill Gray,democrat,71460,240108,0,DEM,Bill Gray,GRAY,"GRAY, WILLIAM BARTON",O,551423,
1988,Virginia,VA,Charles S. Robb,democrat,1474086,2068897,1,DEM,Charles S. Robb,ROBB,"ROBB, CHARLES SPITTAL",O,3198630,
1988,Virginia,VA,Maurice A. Dawkins,republican,593652,2068897,0,REP,Maurice A. Dawkins,DAWKINS,"DAWKINS, MAURICE A",O,283095,
1988,Washington,WA,Slade Gorton,republican,944359,1848542,1,REP,Slade Gorton,GORTON,"GORTON, SLADE",O,2736101,
1988,Washington,WA,Mike Lowry,democrat,904183,1848542,0,DEM,Mike Lowry,LOWRY,"LOWRY, MICHAEL E",O,2208177,
1988,West Virginia,WV,Robert C. Byrd,democrat,410983,634547,1,DEM,Robert C. Byrd,BYRD,"BYRD, ROBERT CARLYLE",I,1407167,
1988,West Virginia,WV,M. Jay Wolfe,republican,223564,634547,0,REP,M. Jay Wolfe,WOLFE,"WOLFE, MATTHEW JAY",,115314,
1988,Wisconsin,WI,Herbert H. Kohl,democrat,1128625,2168190,1,DEM,Herbert H. Kohl,KOHL,"KOHL, HERB",O,7576540,
1988,Wisconsin,WI,Susan Engeleiter,republican,1030440,2168190,0,REP,Susan Engeleiter,ENGELEITER,"ENGELEITER, SUSAN S",O,2945328,
1988,Wyoming,WY,Malcolm Wallop,republican,91143,180964,1,REP,Malcolm Wallop,WALLOP,"WALLOP, MALCOLM",I,1492863,
1988,Wyoming,WY,John P. Vinich,democrat,89821,180964,0,DEM,John P. Vinich,VINICH,"VINICH, JOHN P",,491599,
1992,Alabama,AL,Richard C. Shelby,democrat,1022698,1577799,1,DEM,Richard C. Shelby,SHELBY,"SHELBY, RICHARD CRAIG",I,2816778,
1992,Alabama,AL,Richard Sellers,republican,522015,1577799,0,REP,Richard Sellers,SELLERS,"SELLERS, RICHARD D",,149603,
1992,Alaska,AK,Frank H. Murkowski,republican,127163,239714,1,REP,Frank H. Murkowski,MURKOWSKI,"MURKOWSKI, FRANK H",I,1672932,
1992,Alaska,AK,Tony Smith,democrat,92065,239714,0,DEM,Tony Smith,SMITH,"SMITH, TONY",,913975,
1992,Arizona,AZ,John McCain,republican,771395,1382051,1,REP,John McCain,MCCAIN,"MCCAIN, JOHN",I,3344311,
1992,Arizona,AZ,Claire Sargent,democrat,436321,1382051,0,DEM,Claire Sargent,SARGENT,"SARGENT, CLAIRE",,288412,
1992,Arkansas,AR,Dale Bumpers,democrat,553635,920008,1,DEM,Dale Bumpers,BUMPERS,"BUMPERS, DALE L",I,1940691,
1992,Arkansas,AR,Mike Huckabee,republican,366373,920008,0,REP,Mike Huckabee,HUCKABEE,"HUCKABEE, MIKE",,905215,
1992,California,CA,Dianne Feinstein,democrat,5853651,10782743,1,DEM,Dianne Feinstein,FEINSTEIN,"FEINSTEIN, DIANNE",,8114032,
1992,California,CA,Barbara Boxer,democrat,5173467,10799703,0,DEM,Barbara Boxer,BOXER,"BOXER, BARBARA",O,10393951,
1992,Colorado,CO,Ben Nighthorse Campbell,democrat,803725,1552289,1,DEM,Ben Nighthorse Campbell,CAMPBELL,"CAMPBELL, BEN NIGHTHORSE",O,1594544,
1992,Colorado,CO,Terry Considine,republican,662893,1552289,0,REP,Terry Considine,CONSIDINE,"CONSIDINE, TERRENCE M",O,2704514,
1992,Connecticut,CT,Christopher J. Dodd,democrat,577662,1500661,1,DEM,Christopher J. Dodd,DODD,"DODD, CHRISTOPHER J",I,3827475,
1992,Connecticut,CT,Brook Johnson,republican,572036,1500661,0,REP,Brook Johnson,JOHNSON,"JOHNSON, BROOK",,2399715,
1992,Florida,FL,Bob Graham,democrat,3245565,4962290,1,DEM,Bob Graham,GRAHAM,"GRAHAM, BOB",I,3026137,
1992,Florida,FL,Bill Grant,republican,1716505,4962290,0,REP,Bill Grant,GRANT,"GRANT, JAMES WILLIAM",,248228,
1992,Georgia,GA,"Wyche Fowler, Jr.",democrat,1108416,2251587,1,DEM,Wyche Fowler,FOWLER,"FOWLER, WYCHE JR",I,4322671,
1992,Georgia,GA,Paul Coverdell,republican,1073282,2251587,0,REP,Paul Coverdell,COVERDELL,"COVERDELL, PAUL DOUGLAS",,3300867,
1992,Hawaii,HI,Daniel K. Inouye,democrat,208266,363662,1,DEM,Daniel K. Inouye,INOUYE,"INOUYE, DANIEL KEN",I,2752692,
1992,Hawaii,HI,Rick Reed,republican,97928,363662,0,REP,Rick Reed,REED,"REED, RICHARD JAY",,458052,
1992,Idaho,ID,Dirk Kempthorne,republican,270468,478504,1,REP,Dirk Kempthorne,KEMPTHORNE,"KEMPTHORNE, DIRK",O,1351127,
1992,Idaho,ID,Richard H. Stallings,democrat,208036,478504,0,DEM,Richard H. Stallings,STALLINGS,"STALLINGS, RICHARD H",O,1224232,
1992,Illinois,IL,Carol Moseley-Braun,democrat,2631229,4939558,1,DEM,Carol Moseley-Braun,BRAUN,"BRAUN, CAROL MOSELEY",,6496248,
1992,Illinois,IL,Richard S. Williamson,republican,2126833,4939558,0,REP,Richard S. Williamson,WILLIAMSON,"WILLIAMSON, RICHARD S",,2320713,
1992,Indiana,IN,Dan Coats,republican,1267972,2211426,1,REP,Dan Coats,COATS,"COATS, DANIEL R",I,3642012,
1992,Indiana,IN,Joseph H. Hogsett,democrat,900148,2211426,0,DEM,Joseph H. Hogsett,HOGSETT,"HOGSETT, JOSEPH H",,1621467,
1992,Iowa,IA,Chuck Grassley,republican,899761,1292494,1,REP,Chuck Grassley,GRASSLEY,"GRASSLEY, CHARLES ERNEST",I,2517923,
1992,Iowa,IA,Jean Lloyd-Jones,democrat,351561,1292494,0,DEM,Jean Lloyd-Jones,JONES,,,-1,
1992,Kansas,KS,Bob Dole,republican,706246,1126447,1,REP,Bob Dole,DOLE,"DOLE, ROBERT J",I,2362936,
1992,Kansas,KS,Gloria O'Dell,democrat,349525,1126447,0,DEM,Gloria O'Dell,DELL,,,148143,
1992,Kentucky,KY,Wendell H. Ford,democrat,836888,1330858,1,DEM,Wendell H. Ford,FORD,"FORD, WENDELL H",I,2317149,
1992,Kentucky,KY,David L. Williams,republican,476604,1330858,0,REP,David L. Williams,WILLIAMS,"WILLIAMS, DAVID L",,345291,
1992,Louisiana,LA,John B. Breaux,democrat,616021,690806,1,DEM,John B. Breaux,BREAUX,"BREAUX, JOHN B",I,2449803,
1992,Louisiana,LA,"Jon, Khachaturian",independent,74785,690806,0,IND,"Jon, Khachaturian",KHACHATURIAN,"KHACHATURIAN, JON",,94920,
1992,Maryland,MD,Barbara A. Mikulski,democrat,1307610,1841298,1,DEM,Barbara A. Mikulski,MIKULSKI,"MIKULSKI, BARBARA A",I,2940047,
1992,Maryland,MD,Alan L. Keyes,republican,533688,1841298,0,REP,Alan L. Keyes,KEYES,"KEYES, ALAN L",,1162780,
1992,Missouri,MO,Christopher S. Bond,republican,1221901,2354916,1,REP,Christopher S. Bond,BOND,"BOND, CHRISTOPHER S",I,4069717,
1992,Missouri,MO,Geri Rothman-Serot,democrat,1057967,2354916,0,DEM,Geri Rothman-Serot,SEROT,,,1156647,
1992,Nevada,NV,Harry Reid,democrat,253150,495887,1,DEM,Harry Reid,REID,"REID, HARRY MASON",I,2142152,
1992,Nevada,NV,Demar Dahl,republican,199413,495887,0,REP,Demar Dahl,DAHL,"DAHL, DEMAR",,510297,
1992,New Hampshire,NH,Judd Gregg,republican,249591,518170,1,REP,Judd Gregg,GREGG,"GREGG, JUDD ALAN",O,1210315,
1992,New Hampshire,NH,John Rauh,democrat,234982,518170,0,DEM,John Rauh,RAUH,"RAUH, JOHN",O,1109500,
1992,New York,NY,Robert Abrams,democrat,2943001,7078805,1,DEM,Robert Abrams,ABRAMS,"ABRAMS, ROBERT",,6975203,
1992,New York,NY,Alfonse D'Amato,republican,2652822,7078805,0,REP,Alfonse D'Amato,AMATO,,,10224230,
1992,North Carolina,NC,Lauch Faircloth,republican,1297892,2577891,1,REP,Lauch Faircloth,FAIRCLOTH,"FAIRCLOTH, DUNCAN MCLAUCHLIN",,2969937,
1992,North Carolina,NC,Terry Sanford,democrat,1194015,2577891,0,DEM,Terry Sanford,SANFORD,"SANFORD, JAMES TERRY",I,2460525,
1992,North Dakota,ND,Byron L. Dorgan,democrat,179347,303957,1,DEM,Byron L. Dorgan,DORGAN,"DORGAN, BYRON L",O,1061651,
1992,North Dakota,ND,Steve Sydness,republican,118162,303957,0,REP,Steve Sydness,SYDNESS,"SYDNESS, STEVEN KRIS",O,507163,
1992,Ohio,OH,John Glenn,democrat,2444419,4793953,1,DEM,John Glenn,GLENN,"GLENN, JOHN",I,3971403,
1992,Ohio,OH,Michael DeWine,republican,2028300,4793953,0,REP,Michael DeWine,DEWINE,"DEWINE, R MICHAEL",,3054216,
1992,Oklahoma,OK,Don Nickles,republican,757876,1294423,1,REP,Don Nickles,NICKLES,"NICKLES, DON",I,3235075,
1992,Oklahoma,OK,Steve Lewis,democrat,494350,1294423,0,DEM,Steve Lewis,LEWIS,"LEWIS, STEPHEN CHARLES",,1456533,
1992,Oregon,OR,Bob Packwood,republican,717455,1376033,1,REP,Bob Packwood,PACKWOOD,"PACKWOOD, ROBERT W",I,5804130,
1992,Oregon,OR,Les AuCoin,democrat,639851,1376033,0,DEM,Les AuCoin,AUCOIN,"AUCOIN, LES",,2301155,
1992,Pennsylvania,PA,Arlen Specter,republican,2358125,4802410,1,REP,Arlen Specter,SPECTER,"SPECTER, ARLEN",I,6882059,
1992,Pennsylvania,PA,Lynn Yeakel,democrat,2224966,4802410,0,DEM,Lynn Yeakel,YEAKEL,"YEAKEL, LYNN HARDY",,5300624,
1992,South Carolina,SC,Ernest F. Hollings,democrat,591030,1180438,1,DEM,Ernest F. Hollings,HOLLINGS,"HOLLINGS, ERNEST FREDERICK FRITZ",I,2736893,
1992,South Carolina,SC,Tommy Hartnett,republican,554175,1180438,0,REP,Tommy Hartnett,HARTNETT,"HARTNETT, THOMAS FORBES",,907376,
1992,South Dakota,SD,Thomas A. Daschle,democrat,217095,334495,1,DEM,Thomas A. Daschle,DASCHLE,"DASCHLE, THOMAS ANDREW",I,2839366,
1992,South Dakota,SD,Charlene Haar,republican,108733,334495,0,REP,Charlene Haar,HAAR,"HAAR, CHARLENE K",,370515,
1992,Utah,UT,Robert F. Bennett,republican,420069,758479,1,REP,Robert F. Bennett,BENNETT,"BENNETT, ROBERT FOSTER",O,3965576,
1992,Utah,UT,Wayne Owens,democrat,301228,758479,0,DEM,Wayne Owens,OWENS,"OWENS, WAYNE",O,1934683,
1992,Vermont,VT,Patrick J. Leahy,democrat,154762,285739,1,DEM,Patrick J. Leahy,LEAHY,"LEAHY, PATRICK J",I,935503,
1992,Vermont,VT,James H. Douglas,republican,123854,285739,0,REP,James H. Douglas,DOUGLAS,"DOUGLAS, JAMES H",,196635,
1992,Washington,WA,Patty Murray,democrat,1197973,2218802,1,DEM,Patty Murray,MURRAY,"MURRAY, PATTY",O,1496204,
1992,Washington,WA,Rod Chandler,republican,1020829,2218802,0,REP,Rod Chandler,CHANDLER,"CHANDLER, ROD",O,2592759,
1992,Wisconsin,WI,Russell D. Feingold,democrat,1290662,2455124,1,DEM,Russell D. Feingold,FEINGOLD,"FEINGOLD, RUSSELL DANA",C,2007312,
1992,Wisconsin,WI,"Robert W. Kasten, Jr.",republican,1129599,2455124,0,REP,Robert W. Kasten,KASTEN,"KASTEN, ROBERT W JR",I,5107974,
1996,Alabama,AL,Jeff Sessions,republican,786436,1499393,1,REP,Jeff Sessions,SESSIONS,"SESSIONS, JEFF",O,3930042,
1996,Alabama,AL,Roger Bedford,democrat,681651,1499393,0,DEM,Roger Bedford,BEDFORD,"BEDFORD, ROGER HUGH",O,3216772,
1996,Alaska,AK,Ted Stevens,republican,177893,231916,1,REP,Ted Stevens,STEVENS,"STEVENS, THEODORE F (TED)",I,2865555,
1996,Alaska,AK,Jed Whittaker,green,29037,231916,0,GRE,Jed Whittaker,WHITTAKER,,,-1,
1996,Arkansas,AR,Y. Tim Hutchinson,republican,445942,846183,1,REP,Y. Tim Hutchinson,HUTCHINSON,"HUTCHINSON, Y TIM",O,1691276,
1996,Arkansas,AR,Winston Bryant,democrat,400241,846183,0,DEM,Winston Bryant,BRYANT,"BRYANT, WINSTON",O,1606053,
1996,Colorado,CO,Wayne Allard,republican,750315,1459601,1,REP,Wayne Allard,ALLARD,"ALLARD, A WAYNE",O,2198131,
1996,Colorado,CO,Tom Strickland,democrat,667600,1459601,0,DEM,Tom Strickland,STRICKLAND,"STRICKLAND, THOMAS L",O,3313065,
1996,Delaware,DE,Joseph R. Biden Jr.,democrat,165465,275591,1,DEM,Joseph R. Biden,BIDEN,"BIDEN, JOSEPH R JR",I,1636013,
1996,Delaware,DE,Raymond J. Clatworthy,republican,105088,275591,0,REP,Raymond J. Clatworthy,CLATWORTHY,"CLATWORTHY, RAYMOND J",C,1332167,
1996,Georgia,GA,Max Cleland,democrat,1103993,2259224,1,DEM,Max Cleland,CLELAND,"CLELAND, JOSEPH MAXWELL (AKA MAX)",O,3273755,
1996,Georgia,GA,Guy W. Millner,republican,1073969,2259224,0,REP,Guy W. Millner,MILLNER,"MILLNER, GUY W",O,9915223,
1996,Idaho,ID,Larry E. Craig,republican,283532,497233,1,REP,Larry E. Craig,CRAIG,"CRAIG, LARRY E",I,2695939,
1996,Idaho,ID,Walt Minnick,democrat,198422,497233,0,DEM,Walt Minnick,MINNICK,"MINNICK, WALTER CLIFFORD",,2181151,
1996,Illinois,IL,Richard J. Durbin,democrat,2384028,4250722,1,DEM,Richard J. Durbin,DURBIN,"DURBIN, RICHARD J",O,4767940,
1996,Illinois,IL,Al Salvi,republican,1728824,4250722,0,REP,Al Salvi,SALVI,"SALVI, AL",O,4754916,
1996,Iowa,IA,Tom Harkin,democrat,634166,1224054,1,DEM,Tom Harkin,HARKIN,"HARKIN, TOM",I,4665182,
1996,Iowa,IA,Jim Lightfoot,republican,571807,1224054,0,REP,Jim Lightfoot,LIGHTFOOT,"LIGHTFOOT, JAMES ROSS",,2474871,
1996,Kansas,KS,Pat Roberts,republican,652677,1052300,1,REP,Pat Roberts,ROBERTS,"ROBERTS, PAT",O,2297886,
1996,Kansas,KS,Sam Brownback,republican,574021,1064716,0,REP,Sam Brownback,BROWNBACK,"BROWNBACK, SAMUEL DALE",,2267396,
1996,Kentucky,KY,Mitch McConnell,republican,724794,1307046,1,REP,Mitch McConnell,MCCONNELL,"MCCONNELL, MITCH",I,3840374,
1996,Kentucky,KY,Steven L. Beshear,democrat,560012,1307046,0,DEM,Steven L. Beshear,BESHEAR,"BESHEAR, STEVEN L",,1772276,
1996,Louisiana,LA,Mary L. Landrieu,democrat,852945,1700102,1,DEM,Mary L. Landrieu,LANDRIEU,"LANDRIEU, MARY L",O,2967554,
1996,Louisiana,LA,"Louis ""Woody"" Jenkins",republican,847157,1700102,0,REP,"Louis ""Woody"" Jenkins",JENKINS,"JENKINS, LOUIS ""WOODY""",O,1969175,
1996,Maine,ME,Susan M. Collins,republican,298422,606777,1,REP,Susan M. Collins,COLLINS,"COLLINS, SUSAN M",O,1721825,
1996,Maine,ME,Joseph E. Brennan,democrat,266226,606777,0,DEM,Joseph E. Brennan,BRENNAN,"BRENNAN, JOSEPH EDWARD",O,978848,
1996,Massachusetts,MA,John F. Kerry,democrat,1334135,2555942,1,DEM,John F. Kerry,KERRY,"KERRY, JOHN F",I,10342115,
1996,Massachusetts,MA,William F. Weld,republican,1143120,2555942,0,REP,William F. Weld,WELD,"WELD, WILLIAM F",,8074417,
1996,Michigan,MI,Carl Levin,democrat,2195738,3762575,1,DEM,Carl Levin,LEVIN,"LEVIN, CARL",I,6018223,
1996,Michigan,MI,Ronna Romney,republican,1500106,3762575,0,REP,Ronna Romney,ROMNEY,"ROMNEY, RONNA",C,3309794,
1996,Minnesota,MN,Paul Wellstone,democratic-farmer-labor,1098430,2182905,1,DEM,Paul Wellstone,WELLSTONE,,I,5991013,
1996,Minnesota,MN,Rudy Boschwitz,republican,901194,2182905,0,REP,Rudy Boschwitz,BOSCHWITZ,"BOSCHWITZ, RUDY",C,4450625,
1996,Mississippi,MS,Thad Cochran,republican,624154,878662,1,REP,Thad Cochran,COCHRAN,"COCHRAN, THAD",I,787233,
1996,Mississippi,MS,James W. (Bootie) Hunt,democrat,240647,878662,0,DEM,James W. (Bootie) Hunt,HUNT,,,-1,
1996,Montana,MT,Max Baucus,democrat,201935,407490,1,DEM,Max Baucus,BAUCUS,"BAUCUS, MAX S",I,3446478,
1996,Montana,MT,Dennis Rehberg,republican,182111,407490,0,REP,Dennis Rehberg,REHBERG,"REHBERG, DENNIS RAY",,1369530,
1996,Nebraska,NE,Chuck Hagel,republican,379933,661837,1,REP,Chuck Hagel,HAGEL,"HAGEL, CHUCK",O,3612338,
1996,Nebraska,NE,Ben Nelson,democrat,281904,661837,0,DEM,Ben Nelson,NELSON,"NELSON, E BENJAMIN",O,2179131,
1996,New Hampshire,NH,Bob Smith,republican,242257,491873,1,REP,Bob Smith,SMITH,"SMITH, ROBERT C",I,1708376,
1996,New Hampshire,NH,Dick Swett,democrat,227355,491873,0,DEM,Dick Swett,SWETT,"SWETT, DICK",,1759089,
1996,New Jersey,NJ,Robert G. Torricelli,democrat,1519154,2883466,1,DEM,Robert G. Torricelli,TORRICELLI,"TORRICELLI, ROBERT G",O,9211508,
1996,New Jersey,NJ,Dick Zimmer,republican,1227351,2883466,0,REP,Dick Zimmer,ZIMMER,"ZIMMER, DICK",O,8253612,
1996,New Mexico,NM,Pete V. Domenici,republican,357171,551821,1,REP,Pete V. Domenici,DOMENICI,"DOMENICI, PETE V",I,3265101,
1996,New Mexico,NM,Art Trujillo,democrat,164356,551821,0,DEM,Art Trujillo,TRUJILLO,"TRUJILLO, ART",,163728,
1996,North Carolina,NC,Jesse Helms,republican,1345833,2556456,1,REP,Jesse Helms,HELMS,"HELMS, JESSE A",I,7808820,
1996,North Carolina,NC,Harvey B. Gantt,democrat,1173875,2556456,0,DEM,Harvey B. Gantt,GANTT,"GANTT, HARVEY BERNARD",,8122834,
1996,Oklahoma,OK,James M. Inhofe,republican,670610,1183150,1,REP,James M. Inhofe,INHOFE,"INHOFE, JAMES M",I,2708770,
1996,Oklahoma,OK,Jim Boren,democrat,474162,1183150,0,DEM,Jim Boren,BOREN,"BOREN, JAMES H",,184383,
1996,Oregon,OR,Gordon Smith,republican,677336,1360230,1,REP,Gordon Smith,SMITH,"SMITH, GORDON HAROLD",O,9389580,
1996,Oregon,OR,Tom Bruggere,democrat,624370,1360230,0,DEM,Tom Bruggere,BRUGGERE,"BRUGGERE, THOMAS H",O,3318883,
1996,Rhode Island,RI,Jack Reed,democrat,230676,364371,1,DEM,Jack Reed,REED,"REED, JACK",O,2688136,
1996,Rhode Island,RI,Nancy J. Mayer,republican,127368,364371,0,REP,Nancy J. Mayer,MAYER,"MAYER, NANCY J",O,787231,
1996,South Carolina,SC,Strom Thurmond,republican,619859,1161231,1,REP,Strom Thurmond,THURMOND,"THURMOND, STROM",I,2335746,
1996,South Carolina,SC,Elliot Springs Close,democrat,510951,1161231,0,DEM,Elliot Springs Close,CLOSE,"CLOSE, ELLIOTT SPRINGS",,1919735,
1996,South Dakota,SD,Tim Johnson,democrat,166533,324487,1,DEM,Tim Johnson,JOHNSON,"JOHNSON, TIM",,2866518,
1996,South Dakota,SD,Larry Pressler,republican,157954,324487,0,REP,Larry Pressler,PRESSLER,"PRESSLER, LARRY",I,4091490,
1996,Tennessee,TN,Fred Thompson,republican,1091554,1778664,1,REP,Fred Thompson,THOMPSON,"THOMPSON, FRED DALTON",I,4265575,
1996,Tennessee,TN,Houston Gordon,democrat,654937,1778664,0,DEM,Houston Gordon,GORDON,"GORDON, HOUSTON",,800607,
1996,Texas,TX,Phil Gramm,republican,3027680,5527441,1,REP,Phil Gramm,GRAMM,"GRAMM, PHIL",I,3802167,
1996,Texas,TX,Victor M. Morales,democrat,2428776,5527441,0,DEM,Victor M. Morales,MORALES,"MORALES, VICTOR MANUEL",,999290,
1996,Virginia,VA,John W. Warner,republican,1235744,2354715,1,REP,John W. Warner,WARNER,"WARNER, JOHN WILLIAM III",I,5433390,
1996,Virginia,VA,Mark R. Warner,democrat,1115982,2354715,0,DEM,Mark R. Warner,WARNER,"WARNER, MARK R",,11634126,
1996,West Virginia,WV,John D. Rockefeller IV,democrat,456526,595614,1,DEM,John D. Rockefeller,ROCKEFELLER,"ROCKEFELLER, JOHN DAVISON IV",I,3054658,
1996,West Virginia,WV,Betty A. Burks,republican,139088,595614,0,REP,Betty A. Burks,BURKS,,,-1,
1996,Wyoming,WY,Michael B. Enzi,republican,114116,211077,1,REP,Michael B. Enzi,ENZI,"ENZI, MICHAEL BRADLEY",O,1020906,
1996,Wyoming,WY,Kathy Karpan,democrat,89103,211077,0,DEM,Kathy Karpan,KARPAN,"KARPAN, KATHY",O,819774,
2000,Arizona,AZ,Jon Kyl,republican,1108196,1397076,1,REP,Jon Kyl,KYL,"KYL, JON L",I,2985612,
2000,Arizona,AZ,William Toel,independent,109230,1397076,0,IND,William Toel,TOEL,"TOEL, WILLIAM HENRY",C,21542,
2000,California,CA,Dianne Feinstein,democrat,5932522,10623608,1,DEM,Dianne Feinstein,FEINSTEIN,"FEINSTEIN, DIANNE",I,10464194,
2000,California,CA,Tom Campbell,republican,3886853,10623608,0,REP,Tom Campbell,CAMPBELL,"CAMPBELL, TOM",C,4733507,
2000,Connecticut,CT,Joseph I. Lieberman,democrat,828902,1311261,1,DEM,Joseph I. Lieberman,LIEBERMAN,"LIEBERMAN, JOSEPH I",I,3666873,
2000,Connecticut,CT,Phil Giordano,republican,448077,1311261,0,REP,Phil Giordano,GIORDANO,"GIORDANO, PHILIP A",C,1278539,
2000,Delaware,DE,Thomas R. Carper,democrat,181566,326993,1,DEM,Thomas R. Carper,CARPER,"CARPER, THOMAS R",C,2637816,
2000,Delaware,DE,"William V. Roth, Jr.",republican,142891,326993,0,REP,William V. Roth,ROTH,"ROTH, WILLIAM V JR",I,4256984,
2000,Florida,FL,Bill Nelson,democrat,2989487,5856731,1,DEM,Bill Nelson,NELSON,"NELSON, BILL",O,6639346,
2000,Florida,FL,Bill McCollum,republican,2705348,5856731,0,REP,Bill McCollum,MCCOLLUM,"MCCOLLUM, BILL",O,7936639,
2000,Georgia,GA,Zell Miller,democrat (not identified on ballot),1413224,2415743,1,DEM,Zell Miller,MILLER,"MILLER, ZELL BRYAN",I,2684514,
2000,Georgia,GA,Mack F. Mattingly,republican (not identified on ballot),920478,2415743,0,REP,Mack F. Mattingly,MATTINGLY,"MATTINGLY, MACK F",C,1114900,
2000,Hawaii,HI,Daniel K. Akaka,democrat,251215,345623,1,DEM,Daniel K. Akaka,AKAKA,"AKAKA, DANIEL KAHIKINA",I,601881,
2000,Hawaii,HI,John Carroll,republican,84701,345623,0,REP,John Carroll,CARROLL,"CARROLL, JOHN STANLEY",C,107253,
2000,Indiana,IN,Richard G. Lugar,republican,1427944,2145209,1,REP,Richard G. Lugar,LUGAR,"LUGAR, RICHARD G",I,3593294,
2000,Indiana,IN,David L. Johnson,democrat,683273,2145209,0,DEM,David L. Johnson,JOHNSON,"JOHNSON, DAVID LAWTHER",C,1451828,
2000,Maine,ME,Olympia J. Snowe,republican,437689,634872,1,REP,Olympia J. Snowe,SNOWE,"SNOWE, OLYMPIA J",I,2236146,
2000,Maine,ME,Mark W. Lawrence,democrat,197183,634872,0,DEM,Mark W. Lawrence,LAWRENCE,"LAWRENCE, MARK W",C,740061,
2000,Maryland,MD,Paul S. Sarbanes,democrat,1230013,1946898,1,DEM,Paul S. Sarbanes,SARBANES,"SARBANES, PAUL S",I,2133557,
2000,Maryland,MD,Paul H. Rappaport,republican,715178,1946898,0,REP,Paul H. Rappaport,RAPPAPORT,"RAPPAPORT, PAUL HARRY",C,147024,
2000,Massachusetts,MA,Edward M. Kennedy,democrat,1889494,2734048,1,DEM,Edward M. Kennedy,KENNEDY,"KENNEDY, EDWARD MOORE SENATOR",I,6652879,
2000,Massachusetts,MA,Jack E. Robinson III,republican,334341,2734048,0,REP,Jack E. Robinson,ROBINSON,"ROBINSON, JACK E III",C,163929,
2000,Michigan,MI,Debbie Stabenow,democrat,2061952,4167685,1,DEM,Debbie Stabenow,STABENOW,"STABENOW, DEBBIE",C,8297425,
2000,Michigan,MI,Spencer Abraham,republican,1994693,4167685,0,REP,Spencer Abraham,ABRAHAM,"ABRAHAM, SPENCER SENATOR",I,11838542,
2000,Minnesota,MN,Mark Dayton,democratic-farmer-labor,1181553,2419520,1,DEM,Mark Dayton,DAYTON,,,12040466,
2000,Minnesota,MN,Rod Grams,republican,1047474,2419520,0,REP,Rod Grams,GRAMS,"GRAMS, RODNEY DWIGHT",I,5902543,
2000,Mississippi,MS,Trent Lott,republican,654941,994144,1,REP,Trent Lott,LOTT,"LOTT, C TRENT",I,4241819,
2000,Mississippi,MS,"Troy D. Brown, Sr.",democrat,314090,994144,0,DEM,Troy D. Brown,BROWN,"BROWN, TROY DUDLEY SR",C,51716,
2000,Missouri,MO,Mel Carnahan,democrat,1191812,2361586,1,DEM,Mel Carnahan,CARNAHAN,"CARNAHAN, MEL",C,8530447,
2000,Missouri,MO,John Ashcroft,republican,1142852,2361586,0,REP,John Ashcroft,ASHCROFT,"ASHCROFT, JOHN D",I,8925706,
2000,Montana,MT,Conrad Burns,republican,208082,411601,1,REP,Conrad Burns,BURNS,"BURNS, CONRAD",I,3931167,
2000,Montana,MT,Brian Schweitzer,democrat,194430,411601,0,DEM,Brian Schweitzer,SCHWEITZER,"SCHWEITZER, BRIAN DAVID",C,1898851,
2000,Nebraska,NE,Ben Nelson,democrat,353093,692350,1,DEM,Ben Nelson,NELSON,"NELSON, E BENJAMIN",O,2782642,
2000,Nebraska,NE,Don Stenberg,republican,337977,692350,0,REP,Don Stenberg,STENBERG,"STENBERG, DON",O,1876978,
2000,Nevada,NV,John Ensign,republican,330687,600776,1,REP,John Ensign,ENSIGN,"ENSIGN, JOHN ERIC",O,4878626,
2000,Nevada,NV,Ed Bernstein,democrat,238260,600776,0,DEM,Ed Bernstein,BERNSTEIN,"BERNSTEIN, ED",O,2483512,
2000,New Jersey,NJ,Jon S. Corzine,democrat,1511237,3015662,1,DEM,Jon S. Corzine,CORZINE,"CORZINE, JON STEVENS",O,63253520,
2000,New Jersey,NJ,Bob Franks,republican,1420267,3015662,0,REP,Bob Franks,FRANKS,"FRANKS, ROBERT D",O,6423646,
2000,New Mexico,NM,Jeff Bingaman,democrat,363744,589526,1,DEM,Jeff Bingaman,BINGAMAN,"BINGAMAN, JEFF",I,2730680,
2000,New Mexico,NM,Bill Redmond,republican,225517,589526,0,REP,Bill Redmond,REDMOND,"REDMOND, WILLIAM THOMAS",C,719147,
2000,New York,NY,Hillary Rodham Clinton,democrat,3562415,6959662,1,DEM,Hillary Rodham Clinton,CLINTON,"CLINTON, HILLARY RODHAM",O,41752247,
2000,New York,NY,Rick Lazio,republican,2724589,6959662,0,REP,Rick Lazio,LAZIO,"LAZIO, RICK A",O,39020511,
2000,North Dakota,ND,Kent Conrad,democratic-nonpartisan league,176470,287539,1,DEM,Kent Conrad,CONRAD,"CONRAD, KENT",I,2238966,
2000,North Dakota,ND,Duane Sand,republican,111069,287539,0,REP,Duane Sand,SAND,"SAND, DUANE ALLEN",C,399590,
2000,Ohio,OH,Mike DeWine,republican,2665512,4448801,1,REP,Mike DeWine,DEWINE,"DEWINE, MIKE",I,5583868,
2000,Ohio,OH,Ted Celeste,democrat,1595066,4448801,0,DEM,Ted Celeste,CELESTE,"CELESTE, THEODORE S",C,477784,
2000,Pennsylvania,PA,Rick Santorum,republican,2481962,4735116,1,REP,Rick Santorum,SANTORUM,"SANTORUM, RICHARD J",I,9179311,
2000,Pennsylvania,PA,Ron Klink,democrat,2154908,4735116,0,DEM,Ron Klink,KLINK,"KLINK, RONALD P",C,3960955,
2000,Rhode Island,RI,Lincoln D. Chafee,republican,222588,391353,1,REP,Lincoln D. Chafee,CHAFEE,"CHAFEE, LINCOLN D",I,2531413,
2000,Rhode Island,RI,Robert A. Weygand,democrat,161023,391353,0,DEM,Robert A. Weygand,WEYGAND,"WEYGAND, ROBERT A",C,2420479,
2000,Tennessee,TN,Bill Frist,republican,1255444,1928613,1,REP,Bill Frist,FRIST,"FRIST, WILLIAM H",I,5863274,
2000,Tennessee,TN,Jeff Clark,democrat,621152,1928613,0,DEM,Jeff Clark,CLARK,"CLARK, WILLIAM JEFFERY",C,286469,
2000,Texas,TX,Kay Bailey Hutchison,republican,4078954,6267964,1,REP,Kay Bailey Hutchison,HUTCHISON,"HUTCHISON, KAY BAILEY",I,3410444,
2000,Texas,TX,Gene Kelly,democrat,2025024,6267964,0,DEM,Gene Kelly,KELLY,"KELLY, EUGENE EDWARD (GENE)",C,4654,
2000,Utah,UT,Orrin G. Hatch,republican,504803,769704,1,REP,Orrin G. Hatch,HATCH,"HATCH, ORRIN G",I,3467564,
2000,Utah,UT,Scott N. Howell,democrat,242569,769704,0,DEM,Scott N. Howell,HOWELL,"HOWELL, SCOTT N",C,299747,
2000,Vermont,VT,James M. Jeffords,republican,189133,288500,1,REP,James M. Jeffords,JEFFORDS,"JEFFORDS, JAMES M",I,2087965,
2000,Vermont,VT,Ed Flanagan,democrat,73352,288500,0,DEM,Ed Flanagan,FLANAGAN,"FLANAGAN, EDWARD SAWYER",C,1088017,
2000,Virginia,VA,George F. Allen,republican,1420460,2718301,1,REP,George F. Allen,ALLEN,"ALLEN, GEORGE",C,10088338,
2000,Virginia,VA,Charles S. Robb,democrat,1296093,2718301,0,DEM,Charles S. Robb,ROBB,"ROBB, CHARLES S",I,6737158,
2000,Washington,WA,Maria Cantwell,democrat,1199437,2461379,1,DEM,Maria Cantwell,CANTWELL,"CANTWELL, MARIA",C,11538665,
2000,Washington,WA,Slade Gorton,republican,1197208,2461379,0,REP,Slade Gorton,GORTON,"GORTON, SLADE",I,6384256,
2000,West Virginia,WV,Robert C. Byrd,democrat,469215,603477,1,DEM,Robert C. Byrd,BYRD,"BYRD, ROBERT C",I,1127278,
2000,West Virginia,WV,David T. Gallaher,republican,121635,603477,0,REP,David T. Gallaher,GALLAHER,,,-1,
2000,Wisconsin,WI,Herb Kohl,democrat,1563238,2540083,1,DEM,Herb Kohl,KOHL,"KOHL, HERB",I,4986165,
2000,Wisconsin,WI,John Gillespie,republican,940744,2540083,0,REP,John Gillespie,GILLESPIE,"GILLESPIE, JOHN",C,584877,
2000,Wyoming,WY,Craig Thomas,republican,157622,213659,1,REP,Craig Thomas,THOMAS,"THOMAS, CRAIG",I,958768,
2000,Wyoming,WY,Mel Logan,democrat,47087,213659,0,DEM,Mel Logan,LOGAN,"LOGAN, MELVIN D",C,7979,
2004,Alabama,AL,Richard C. Shelby,republican,1242200,1839066,1,REP,Richard C. Shelby,SHELBY,"SHELBY, RICHARD C",I,6610117,
2004,Alabama,AL,Wayne Sowell,democrat,595018,1839066,0,DEM,Wayne Sowell,SOWELL,"SOWELL, WAYNE",C,4941,
2004,Alaska,AK,Lisa Murkowski,republican,149773,308315,1,REP,Lisa Murkowski,MURKOWSKI,"MURKOWSKI, LISA",I,5702709,
2004,Alaska,AK,Tony Knowles,democrat,140424,308315,0,DEM,Tony Knowles,KNOWLES,"KNOWLES, TONY",C,5835949,
2004,Arizona,AZ,John McCain,republican,1505372,1961677,1,REP,John McCain,MCCAIN,"MCCAIN, JOHN S",I,3419717,
2004,Arizona,AZ,Stuart Starky,democrat,404507,1961677,0,DEM,Stuart Starky,STARKY,"STARKY, STUART",C,12956,
2004,Arkansas,AR,Blanche L. Lincoln,democrat,580973,1039349,1,DEM,Blanche L. Lincoln,LINCOLN,"LINCOLN, BLANCHE LAMBERT",I,5488903,
2004,Arkansas,AR,Jim Holt,republican,458036,1039349,0,REP,Jim Holt,HOLT,"HOLT, JIM",C,153628,
2004,California,CA,Barbara Boxer,democrat,6955728,12053295,1,DEM,Barbara Boxer,BOXER,"BOXER, BARBARA",I,14301289,
2004,California,CA,Bill Jones,republican,4555922,12053295,0,REP,Bill Jones,JONES,"JONES, BILL",C,7164449,
2004,Colorado,CO,Ken Salazar,democrat,1081188,2107472,1,DEM,Ken Salazar,SALAZAR,"SALAZAR, KEN",O,9925778,
2004,Colorado,CO,Pete Coors,republican,980668,2107472,0,REP,Pete Coors,COORS,"COORS, PETER",O,7879182.37,
2004,Connecticut,CT,Christopher J. Dodd,democrat,945347,1424726,1,DEM,Christopher J. Dodd,DODD,"DODD, CHRISTOPHER J",I,4676379,
2004,Connecticut,CT,Jack C. Orchulli,republican,457749,1424726,0,REP,Jack C. Orchulli,ORCHULLI,"ORCHULLI, JACK C",C,1476876,
2004,Florida,FL,Mel Martinez,republican,3672864,7429894,1,REP,Mel Martinez,MARTINEZ,"MARTINEZ, MEL",O,12841916.98,
2004,Florida,FL,Betty Castor,democrat,3590201,7429894,0,DEM,Betty Castor,CASTOR,"CASTOR, BETTY",O,11889837.02,
2004,Georgia,GA,Johnny Isakson,republican,1864202,3220981,1,REP,Johnny Isakson,ISAKSON,"ISAKSON, JOHN HARDY",O,8577130.11,
2004,Georgia,GA,Denise L. Majette,democrat,1287690,3220981,0,DEM,Denise L. Majette,MAJETTE,"MAJETTE, DENISE L",O,2085291.39,
2004,Hawaii,HI,Daniel K. Inouye,democrat,313629,415347,1,DEM,Daniel K. Inouye,INOUYE,"INOUYE, DANIEL K",I,2788703,
2004,Hawaii,HI,Cam Cavasso,republican,87172,415347,0,REP,Cam Cavasso,CAVASSO,"CAVASSO, CAMPBELL",C,57514,
2004,Idaho,ID,Mike Crapo,republican,499796,503932,1,REP,Mike Crapo,CRAPO,"CRAPO, MICHAEL D",I,1948398,
2004,Idaho,ID,Scott McClure,democrat,4136,503932,0,DEM,Scott McClure,MCCLURE,"MCCLURE, SCOTT FREDRICK",C,16827,
2004,Illinois,IL,Barack Obama,democrat,3597456,5141520,1,DEM,Barack Obama,OBAMA,"OBAMA, BARACK",O,15095157,
2004,Illinois,IL,Alan Keyes,republican,1390690,5141520,0,REP,Alan Keyes,KEYES,"KEYES, ALAN L",O,2687483,
2004,Indiana,IN,Evan Bayh,democrat,1496976,2428233,1,DEM,Evan Bayh,BAYH,"BAYH, EVAN",I,4820160,
2004,Indiana,IN,Marvin Scott,republican,903913,2428233,0,REP,Marvin Scott,SCOTT,"SCOTT, MARVIN B",C,2265166,
2004,Iowa,IA,Charles E. Grassley,republican,1038175,1479228,1,REP,Charles E. Grassley,GRASSLEY,"GRASSLEY, CHARLES E",I,5656165,
2004,Iowa,IA,Arthur Small,democrat,412365,1479228,0,DEM,Arthur Small,SMALL,"SMALL, ARTHUR",C,140204,
2004,Kansas,KS,Sam Brownback,republican,780863,1129022,1,REP,Sam Brownback,BROWNBACK,"BROWNBACK, SAMUEL DALE",I,2730682,
2004,Kansas,KS,Lee Jones,democrat,310337,1129022,0,DEM,Lee Jones,JONES,"JONES, LEE",C,102295,
2004,Kentucky,KY,Jim Bunning,republican,873507,1724362,1,REP,Jim Bunning,BUNNING,"BUNNING, JIM",I,5122491,
2004,Kentucky,KY,Daniel Mongiardo,democrat,850855,1724362,0,DEM,Daniel Mongiardo,MONGIARDO,"MONGIARDO, DANIEL",C,3127490,
2004,Louisiana,LA,David Vitter,republican,943014,1848056,1,REP,David Vitter,VITTER,"VITTER, DAVID",O,7743804,
2004,Louisiana,LA,Christopher John,democrat,542150,1848056,0,DEM,Christopher John,JOHN,"JOHN, CHRIS",O,4893113,
2004,Maryland,MD,Barbara A. Mikulski,democrat,1504691,2321931,1,DEM,Barbara A. Mikulski,MIKULSKI,"MIKULSKI, BARBARA",I,5911959,
2004,Maryland,MD,E. J. Pipkin,republican,783055,2321931,0,REP,E. J. Pipkin,PIPKIN,"PIPKIN, E J",C,2313360,
2004,Missouri,MO,Christopher S. Bond,republican,1518089,2706402,1,REP,Christopher S. Bond,BOND,"BOND, CHRISTOPHER S",I,8093952,
2004,Missouri,MO,Nancy Farmer,democrat,1158261,2706402,0,DEM,Nancy Farmer,FARMER,"FARMER, NANCY",C,3600807,
2004,Nevada,NV,Harry Reid,democrat,494805,810068,1,DEM,Harry Reid,REID,"REID, HARRY",I,7015254,
2004,Nevada,NV,Richard Ziser,republican,284640,810068,0,REP,Richard Ziser,ZISER,"ZISER, RICHARD ROBERT",C,648792,
2004,New Hampshire,NH,Judd Gregg,republican,434847,657086,1,REP,Judd Gregg,GREGG,"GREGG, JUDD A",I,2982530,
2004,New Hampshire,NH,Doris R. Haddock,democrat,221549,657086,0,DEM,Doris R. Haddock,HADDOCK,"HADDOCK, DORIS ROLLINS",C,177594,
2004,New York,NY,Charles E. Schumer,democrat,4384907,7447818,1,DEM,Charles E. Schumer,SCHUMER,"SCHUMER, CHARLES E",I,11921568,
2004,New York,NY,Howard Mills,republican,1625069,7447818,0,REP,Howard Mills,MILLS,"MILLS, HOWARD",C,632269,
2004,North Carolina,NC,Richard Burr,republican,1791450,3472082,1,REP,Richard Burr,BURR,"BURR, RICHARD",O,12955098,
2004,North Carolina,NC,Erskine Bowles,democrat,1632527,3472082,0,DEM,Erskine Bowles,BOWLES,"BOWLES, ERSKINE B",O,13407656,
2004,North Dakota,ND,Byron L. Dorgan,democrat,212143,310696,1,DEM,Byron L. Dorgan,DORGAN,"DORGAN, BYRON L",I,2942294,
2004,North Dakota,ND,Mike Liffrig,republican,98553,310696,0,REP,Mike Liffrig,LIFFRIG,"LIFFRIG, MICHAEL GEORGE",C,380351,
2004,Ohio,OH,George V. Voinovich,republican,3464356,5425823,1,REP,George V. Voinovich,VOINOVICH,"VOINOVICH, GEORGE SEN",I,7326196,
2004,Ohio,OH,Eric D. Fingerhut,democrat,1961171,5425823,0,DEM,Eric D. Fingerhut,FINGERHUT,"FINGERHUT, ERIC D",C,1171354,
2004,Oklahoma,OK,Tom Coburn,republican,763433,1446846,1,REP,Tom Coburn,COBURN,"COBURN, THOMAS A",O,5194988,
2004,Oklahoma,OK,Brad Carson,democrat,596750,1446846,0,DEM,Brad Carson,CARSON,"CARSON, BRAD R",O,6257295,
2004,Oregon,OR,Ron Wyden,democrat,1128728,1780550,1,DEM,Ron Wyden,WYDEN,"WYDEN, RONALD LEE",I,3802681,
2004,Oregon,OR,Al King,republican,565254,1780550,0,REP,Al King,KING,"KING, AL",C,35762,
2004,Pennsylvania,PA,Arlen Specter,republican,2925080,5559105,1,REP,Arlen Specter,SPECTER,"SPECTER, ARLEN",I,14953355,
2004,Pennsylvania,PA,Joseph M. Hoeffel,democrat,2334126,5559105,0,DEM,Joseph M. Hoeffel,HOEFFEL,"HOEFFEL, JOSEPH M",C,4556417,
2004,South Carolina,SC,Jim DeMint,republican,857167,1597221,1,REP,Jim DeMint,DEMINT,"DEMINT, JAMES W",O,9661623,
2004,South Carolina,SC,Inez Tenenbaum,democrat,704384,1597221,0,DEM,Inez Tenenbaum,TENENBAUM,"TENENBAUM, INEZ MOORE",O,6280668,
2004,South Dakota,SD,John Thune,republican,197848,391188,1,REP,John Thune,THUNE,"THUNE, JOHN R",O,16253147,
2004,South Dakota,SD,Tom Daschle,democrat,193340,391188,0,DEM,Tom Daschle,DASCHLE,"DASCHLE, THOMAS ANDREW",I,19349884,
2004,Utah,UT,Robert F. Bennett,republican,626640,911726,1,REP,Robert F. Bennett,BENNETT,"BENNETT, ROBERT F",I,2755838,
2004,Utah,UT,R. Paul Van Dam,democrat,258955,911726,0,DEM,R. Paul Van Dam,DAM,,C,118226,
2004,Vermont,VT,Patrick J. Leahy,democrat,216972,307208,1,DEM,Patrick J. Leahy,LEAHY,"LEAHY, PATRICK",I,2292393,
2004,Vermont,VT,Jack McMullen,republican,75398,307208,0,REP,Jack McMullen,MCMULLEN,"MCMULLEN, JOHN A",C,730988,
2004,Washington,WA,Patty Murray,democrat,1549708,2818651,1,DEM,Patty Murray,MURRAY,"MURRAY, PATTY",I,11081050,
2004,Washington,WA,George R. Nethercutt,republican,1204584,2818651,0,REP,George R. Nethercutt,NETHERCUTT,"NETHERCUTT, GEORGE R",C,8011311,
2004,Wisconsin,WI,Russel D. Feingold,democrat,1632697,2949743,1,DEM,Russel D. Feingold,FEINGOLD,"FEINGOLD, RUSSELL D",I,8377885,
2004,Wisconsin,WI,Tim Michels,republican,1301183,2949743,0,REP,Tim Michels,MICHELS,"MICHELS, TIM J",C,5547838,
2008,Alabama,AL,Jeff Sessions,republican,1305383,2060191,1,REP,Jeff Sessions,SESSIONS,"SESSIONS, JEFF",I,4956130,
2008,Alabama,AL,Vivian Davis Figures,democrat,752391,2060191,0,DEM,Vivian Davis Figures,FIGURES,"FIGURES, VIVIAN DAVIS",C,332750,
2008,Alaska,AK,Mark Begich,democrat,151767,317723,1,DEM,Mark Begich,BEGICH,"BEGICH, MARK",C,4576970,
2008,Alaska,AK,Ted Stevens,republican,147814,317723,0,REP,Ted Stevens,STEVENS,"STEVENS, THEODORE F (TED)",I,3858991,
2008,Arkansas,AR,Mark L. Pryor,democrat,804678,1011754,1,DEM,Mark L. Pryor,PRYOR,"PRYOR, MARK LUNSFORD",I,4998992,
2008,Arkansas,AR,Rebekah Kennedy,green,207076,1011754,0,GRE,Rebekah Kennedy,KENNEDY,"KENNEDY, REBEKAH JEAN",C,13745,
2008,Colorado,CO,Mark Udall,democrat,1230994,2331621,1,DEM,Mark Udall,UDALL,"UDALL, MARK E",O,11787048,
2008,Colorado,CO,Bob Schaffer,republican,990755,2331621,0,REP,Bob Schaffer,SCHAFFER,"SCHAFFER, ROBERT W",C,7387843,
2008,Delaware,DE,Joseph R. Biden Jr.,democrat,257539,398134,1,DEM,Joseph R. Biden,BIDEN,"BIDEN, JOSEPH R JR",I,1453307,
2008,Delaware,DE,Christine O'Donnell,republican,140595,398134,0,REP,Christine O'Donnell,DONNELL,,C,116471,
2008,Georgia,GA,Saxby Chambliss,republican,1867097,3752485,1,REP,Saxby Chambliss,CHAMBLISS,"CHAMBLISS, SAXBY",I,13969329,
2008,Georgia,GA,Jim Martin,democrat,1757393,3752485,0,DEM,Jim Martin,MARTIN,"MARTIN, JAMES FRANCIS",C,7490201,
2008,Idaho,ID,Jim Risch,republican,371744,644780,1,REP,Jim Risch,RISCH,"RISCH, JAMES E",O,3594815,
2008,Idaho,ID,Larry LaRocco,democrat,219903,644780,0,DEM,Larry LaRocco,LAROCCO,"LAROCCO, LARRY",O,1424818,
2008,Illinois,IL,Richard J. Durbin,democrat,3615844,5329884,1,DEM,Richard J. Durbin,DURBIN,"DURBIN, RICHARD J",I,8116764,
2008,Illinois,IL,Steve Sauerberg,republican,1520621,5329884,0,REP,Steve Sauerberg,SAUERBERG,"SAUERBERG, STEVEN KENNETH",C,2025437,
2008,Iowa,IA,Tom Harkin,democrat,941665,1502918,1,DEM,Tom Harkin,HARKIN,"HARKIN, THOMAS RICHARD",I,6358882,
2008,Iowa,IA,Christopher Reed,republican,560006,1502918,0,REP,Christopher Reed,REED,"REED, CHRISTOPHER",C,59087,
2008,Kansas,KS,Pat Roberts,republican,727121,1210690,1,REP,Pat Roberts,ROBERTS,"ROBERTS, PAT",I,5752220,
2008,Kansas,KS,Jim Slattery,democrat,441399,1210690,0,DEM,Jim Slattery,SLATTERY,"SLATTERY, JIM",C,1677907,
2008,Kentucky,KY,Mitch McConnell,republican,953816,1800821,1,REP,Mitch McConnell,MCCONNELL,"MCCONNELL, MITCH",I,18681961,
2008,Kentucky,KY,Bruce Lunsford,democrat,847005,1800821,0,DEM,Bruce Lunsford,LUNSFORD,"LUNSFORD, BRUCE",C,10883172,
2008,Louisiana,LA,Mary L. Landrieu,democrat,988298,1896574,1,DEM,Mary L. Landrieu,LANDRIEU,"LANDRIEU, MARY L",I,9210825,
2008,Louisiana,LA,John Kennedy,republican,867177,1896574,0,REP,John Kennedy,KENNEDY,"KENNEDY, JOHN NEELY",C,4828982,
2008,Maine,ME,Susan M. Collins,republican,444300,724430,1,REP,Susan M. Collins,COLLINS,"COLLINS, SUSAN M",I,7593350,
2008,Maine,ME,Thomas H. Allen,democrat,279510,724430,0,DEM,Thomas H. Allen,ALLEN,"ALLEN, THOMAS H",C,5998773,
2008,Massachusetts,MA,John F. Kerry,democrat,1971974,3102995,1,DEM,John F. Kerry,KERRY,"KERRY, JOHN FORBES",I,16116152,
2008,Massachusetts,MA,Jeffrey K. Beatty,republican,926044,3102995,0,REP,Jeffrey K. Beatty,BEATTY,"BEATTY, JEFFREY K",C,2078533,
2008,Michigan,MI,Carl Levin,democrat,3038386,4848620,1,DEM,Carl Levin,LEVIN,"LEVIN, CARL",I,8306929,
2008,Michigan,MI,Jack Hoogendyk,republican,1641070,4848620,0,REP,Jack Hoogendyk,HOOGENDYK,"HOOGENDYK, JACK JR",C,302747,
2008,Minnesota,MN,Al Franken,democrat,1212629,2887646,1,DEM,Al Franken,FRANKEN,,C,22502124,
2008,Minnesota,MN,Norm Coleman,republican,1212317,2887646,0,REP,Norm Coleman,COLEMAN,"COLEMAN, NORM",I,19298843,
2008,Montana,MT,Max Baucus,democrat,348289,477658,1,DEM,Max Baucus,BAUCUS,"BAUCUS, MAX",I,8433751,
2008,Montana,MT,Bob Kelleher,republican,129369,477658,0,REP,Bob Kelleher,KELLEHER,,C,-1,
2008,Nebraska,NE,Mike Johanns,republican,455854,792511,1,REP,Mike Johanns,JOHANNS,"JOHANNS, MICHAEL O",O,3907749,
2008,Nebraska,NE,Scott Kleeb,democrat,317456,792511,0,DEM,Scott Kleeb,KLEEB,"KLEEB, SCOTT MICHAEL",O,1852096.21,
2008,New Hampshire,NH,Jeanne Shaheen,democrat,358438,694787,1,DEM,Jeanne Shaheen,SHAHEEN,"SHAHEEN, JEANNE",C,8273501,
2008,New Hampshire,NH,John E. Sununu,republican,314403,694787,0,REP,John E. Sununu,SUNUNU,"SUNUNU, JOHN E",I,7376457,
2008,New Jersey,NJ,Frank R. Lautenberg,democrat,1951218,3482445,1,DEM,Frank R. Lautenberg,LAUTENBERG,"LAUTENBERG, FRANK R",I,7219668,
2008,New Jersey,NJ,Dick Zimmer,republican,1461025,3482445,0,REP,Dick Zimmer,ZIMMER,"ZIMMER, DICK",C,1542809,
2008,New Mexico,NM,Tom Udall,democrat,505128,823650,1,DEM,Tom Udall,UDALL,"UDALL, TOM",O,7447686.24,
2008,New Mexico,NM,Steve Pearce,republican,318522,823650,0,REP,Steve Pearce,PEARCE,"PEARCE, STEVE",O,4632311.41,
2008,North Carolina,NC,Kay Hagan,democrat,2249311,4271970,1,DEM,Kay Hagan,HAGAN,"HAGAN, KAY R",C,8977412,
2008,North Carolina,NC,Elizabeth Dole,republican,1887510,4271970,0,REP,Elizabeth Dole,DOLE,"DOLE, ELIZABETH",I,17268326,
2008,Oklahoma,OK,James M. Inhofe,republican,763375,1346819,1,REP,James M. Inhofe,INHOFE,"INHOFE, JAMES M",I,5447312,
2008,Oklahoma,OK,Andrew Rice,democrat,527736,1346819,0,DEM,Andrew Rice,RICE,"RICE, ANDREW MONROE",C,2869433,
2008,Oregon,OR,Jeff Merkley,democrat,864392,1767504,1,DEM,Jeff Merkley,MERKLEY,"MERKLEY, JEFFREY ALAN",C,6512231,
2008,Oregon,OR,Gordon H. Smith,republican,805159,1767504,0,REP,Gordon H. Smith,SMITH,"SMITH, GORDON HAROLD",I,9254837,
2008,Rhode Island,RI,Jack Reed,democrat,320644,438812,1,DEM,Jack Reed,REED,"REED, JACK",I,3962443,
2008,Rhode Island,RI,Robert G. Tingle,republican,116174,438812,0,REP,Robert G. Tingle,TINGLE,,,-1,
2008,South Carolina,SC,Lindsey Graham,republican,1076534,1871431,1,REP,Lindsey Graham,GRAHAM,"GRAHAM, LINDSEY OLIN",I,4634992,
2008,South Carolina,SC,Bob Conley,democrat,790621,1871431,0,DEM,Bob Conley,CONLEY,"CONLEY, ROBERT M",C,17105,
2008,South Dakota,SD,Tim Johnson,democrat,237889,380673,1,DEM,Tim Johnson,JOHNSON,"JOHNSON, TIM",I,4473960,
2008,South Dakota,SD,Joel Dykstra,republican,142784,380673,0,REP,Joel Dykstra,DYKSTRA,"DYKSTRA, JOEL DEAN",C,906630,
2008,Tennessee,TN,Lamar Alexander,republican,1579477,2424585,1,REP,Lamar Alexander,ALEXANDER,"ALEXANDER, LAMAR",I,5791640,
2008,Tennessee,TN,Robert D. Tuke,democrat,767236,2424585,0,DEM,Robert D. Tuke,TUKE,"TUKE, ROBERT DUDLEY",C,825763,
2008,Texas,TX,John Cornyn,republican,4337469,7912075,1,REP,John Cornyn,CORNYN,"CORNYN, JOHN",I,13727473,
2008,Texas,TX,"Richard J. ""Rick"" Noriega",democrat,3389365,7912075,0,DEM,"Richard J. ""Rick"" Noriega",NORIEGA,"NORIEGA, RICHARD JOEL",C,4166286,
2008,Virginia,VA,Mark R. Warner,democrat,2369327,3643294,1,DEM,Mark R. Warner,WARNER,"WARNER, MARK R",O,13663049,
2008,Virginia,VA,"James S. ""Jim"" Gilmore III",republican,1228830,3643294,0,REP,"James S. ""Jim"" Gilmore",GILMORE,"GILMORE, JAMES S (JIM) III",O,2437715,
2008,West Virginia,WV,John D. Rockefeller IV,democrat,447560,702308,1,DEM,John D. Rockefeller,ROCKEFELLER,"ROCKEFELLER, JOHN DAVISON IV",I,5189461,
2008,West Virginia,WV,Jay Wolfe,republican,254629,702308,0,REP,Jay Wolfe,WOLFE,"WOLFE, MATTHEW JAY",C,123862,
2012,Arizona,AZ,Jeff Flake,republican,1104457,2243422,1,REP,Jeff Flake,FLAKE,"FLAKE, JEFF",I,9026951,
2012,Arizona,AZ,Richard Carmona,democrat,1036542,2243422,0,DEM,Richard Carmona,CARMONA,"CARMONA, RICHARD",O,6459791,
2012,California,CA,Dianne Feinstein,democrat,7864624,12578511,1,DEM,Dianne Feinstein,FEINSTEIN,"FEINSTEIN, DIANNE",I,12673306,
2012,California,CA,Elizabeth Emken,republican,4713887,12578511,0,REP,Elizabeth Emken,EMKEN,"EMKEN, ELIZABETH",C,1114350,
2012,Connecticut,CT,Christopher S. Murphy,democrat,792983,1511764,1,DEM,Christopher S. Murphy,MURPHY,"MURPHY, CHRISTOPHER S",I,10543456,
2012,Connecticut,CT,Linda E. McMahon,republican,604569,1511764,0,REP,Linda E. McMahon,MCMAHON,"MCMAHON, LINDA",O,50963418,
2012,Delaware,DE,Thomas R. Carper,democrat,265415,399606,1,DEM,Thomas R. Carper,CARPER,"CARPER, THOMAS R",I,3516328,
2012,Delaware,DE,Kevin Wade,republican,115700,399606,0,REP,Kevin Wade,WADE,"WADE, KEVIN L",C,181367,
2012,Florida,FL,Bill Nelson,democrat,4523451,8189946,1,DEM,Bill Nelson,NELSON,"NELSON, BILL",I,13404998,
2012,Florida,FL,Connie Mack,republican,3458267,8189946,0,REP,Connie Mack,MACK,"MACK, CONNIE",C,7272224.16,
2012,Hawaii,HI,Mazie K. Hirono,democrat,269489,437159,1,DEM,Mazie K. Hirono,HIRONO,"HIRONO, MAZIE K",I,5518572,
2012,Hawaii,HI,Linda Lingle,republican,160994,437159,0,REP,Linda Lingle,LINGLE,"LINGLE, LINDA",O,5865323,
2012,Indiana,IN,Joe Donnelly,democrat,1281181,2560102,1,DEM,Joe Donnelly,DONNELLY,"DONNELLY, JOSEPH S",I,5662233.36,
2012,Indiana,IN,Richard E. Mourdock,republican,1133621,2560102,0,REP,Richard E. Mourdock,MOURDOCK,"MOURDOCK, RICHARD E",C,7265949.81,
2012,Maine,ME,Angus King,independent for Maine,370580,724720,1,IND,Angus King,KING,"KING, ANGUS STANLEY JR",O,2964323,
2012,Maine,ME,"Charles E. Summers, Jr.",republican,215399,724720,0,REP,Charles E. Summers,SUMMERS,"SUMMERS, CHARLES EDWARD JR",O,1295221,
2012,Maryland,MD,Benjamin L. Cardin,democrat,1474028,2633234,1,DEM,Benjamin L. Cardin,CARDIN,"CARDIN, BENJAMIN L",I,5594299,
2012,Maryland,MD,Daniel John Bongino,republican,693291,2633234,0,REP,Daniel John Bongino,BONGINO,"BONGINO, DANIEL J",C,1826651,
2012,Massachusetts,MA,Elizabeth A. Warren,democrat,1696346,3184196,1,DEM,Elizabeth A. Warren,WARREN,"WARREN, ELIZABETH",C,42506349,
2012,Massachusetts,MA,Scott P. Brown,republican,1458048,3184196,0,REP,Scott P. Brown,BROWN,"BROWN, SCOTT P",I,28154602,
2012,Michigan,MI,Debbie Stabenow,democrat,2735826,4652918,1,DEM,Debbie Stabenow,STABENOW,"STABENOW, DEBBIE",I,10640589,
2012,Michigan,MI,Pete Hoekstra,republican,1767386,4652918,0,REP,Pete Hoekstra,HOEKSTRA,"HOEKSTRA, PETER",C,5843048,
2012,Minnesota,MN,Amy Klobuchar,democrat,1854595,2843207,1,DEM,Amy Klobuchar,KLOBUCHAR,"KLOBUCHAR, AMY J",I,7258395,
2012,Minnesota,MN,Kurt Bills,republican,867974,2843207,0,REP,Kurt Bills,BILLS,"BILLS, KURT PATRICK",C,953146,
2012,Mississippi,MS,Roger F. Wicker,republican,709626,1241568,1,REP,Roger F. Wicker,WICKER,"WICKER, ROGER F",I,3384007,
2012,Mississippi,MS,"Albert N. Gore, Jr.",democrat,503467,1241568,0,DEM,Albert N. Gore,GORE,,,-1,
2012,Missouri,MO,Claire McCaskill,democrat,1494125,2725793,1,DEM,Claire McCaskill,MCCASKILL,"MCCASKILL, CLAIRE",I,18839767,
2012,Missouri,MO,W. Todd Akin,republican,1066159,2725793,0,REP,W. Todd Akin,AKIN,"AKIN, W TODD",C,5621685.45,
2012,Montana,MT,Jon Tester,democrat,236123,486066,1,DEM,Jon Tester,TESTER,"TESTER, JON",I,11912726,
2012,Montana,MT,Denny Rehberg,republican,218051,486066,0,REP,Denny Rehberg,REHBERG,"REHBERG, DENNIS RAY",C,9560983,
2012,Nebraska,NE,Deb Fischer,republican,455593,788572,1,REP,Deb Fischer,FISCHER,"FISCHER, DEBRA S",O,5283975,
2012,Nebraska,NE,Bob Kerrey,democrat,332979,788572,0,DEM,Bob Kerrey,KERREY,"KERREY, J ROBERT",O,5798058,
2012,Nevada,NV,Dean Heller,republican,457656,997805,1,REP,Dean Heller,HELLER,"HELLER, DEAN",I,9417811,
2012,Nevada,NV,Shelley Berkley,democrat,446080,997805,0,DEM,Shelley Berkley,BERKLEY,"BERKLEY, SHELLEY",C,10548285.54,
2012,New Jersey,NJ,Robert Menendez,democrat,1987680,3376649,1,DEM,Robert Menendez,MENENDEZ,"MENENDEZ, ROBERT",I,12290307,
2012,New Jersey,NJ,Joe Kyrillos,republican,1329534,3376649,0,REP,Joe Kyrillos,KYRILLOS,"KYRILLOS, JOSEPH M JR",C,4640451.95,
2012,New Mexico,NM,Martin Heinrich,democrat,395717,775793,1,DEM,Martin Heinrich,HEINRICH,"HEINRICH, MARTIN TREVOR",I,6727090.62,
2012,New Mexico,NM,Heather A. Wilson,republican,351260,775793,0,REP,Heather A. Wilson,WILSON,"WILSON, HEATHER A",O,7170513,
2012,New York,NY,Kirsten E. Gillibrand,democrat,4420043,7116628,1,DEM,Kirsten E. Gillibrand,GILLIBRAND,"GILLIBRAND, KIRSTEN ELIZABETH",I,15735457,
2012,New York,NY,Wendy Long,republican,1514647,7116628,0,REP,Wendy Long,LONG,"LONG, WENDY",C,143018,
2012,North Dakota,ND,Heidi Heitkamp,democrat,161337,321144,1,DEM,Heidi Heitkamp,HEITKAMP,"HEITKAMP, HEIDI",O,5642938,
2012,North Dakota,ND,Rick Berg,republican,158401,321144,0,REP,Rick Berg,BERG,"BERG, RICHARD A",O,6502926,
2012,Ohio,OH,Sherrod Brown,democrat,2762690,5449018,1,DEM,Sherrod Brown,BROWN,"BROWN, SHERROD",I,20945196,
2012,Ohio,OH,Josh Mandel,republican,2435712,5449018,0,REP,Josh Mandel,MANDEL,"MANDEL, JOSH",C,18912557,
2012,Pennsylvania,PA,"Robert P. Casey, Jr.",democrat,3021364,5627422,1,DEM,Robert P. Casey,CASEY,"CASEY, ROBERT P JR",I,11157095,
2012,Pennsylvania,PA,Tom Smith,republican,2509132,5627422,0,REP,Tom Smith,SMITH,"SMITH, TOM",C,37774108,
2012,Rhode Island,RI,Sheldon Whitehouse,democrat,271034,418189,1,DEM,Sheldon Whitehouse,WHITEHOUSE,"WHITEHOUSE, SHELDON II",I,3319678,
2012,Rhode Island,RI,Benjamin Barrett Hinckley III,republican,146222,418189,0,REP,Benjamin Barrett Hinckley,HINCKLEY,"HINCKLEY, BENJAMIN BARRETT III ""BARRY""",C,1734369,
2012,Tennessee,TN,Bob Corker,republican,1506443,2321477,1,REP,Bob Corker,CORKER,"CORKER, ROBERT P JR",I,9994587,
2012,Tennessee,TN,Mark E. Clayton,democrat,705882,2321477,0,DEM,Mark E. Clayton,CLAYTON,,,-1,
2012,Texas,TX,Ted Cruz,republican,4440137,7864822,1,REP,Ted Cruz,CRUZ,"CRUZ, RAFAEL EDWARD TED",O,15098279,
2012,Texas,TX,Paul Sadler,democrat,3194927,7864822,0,DEM,Paul Sadler,SADLER,"SADLER, PAUL LINDSEY",O,683957,
2012,Utah,UT,Orrin G. Hatch,republican,657608,1006901,1,REP,Orrin G. Hatch,HATCH,"HATCH, ORRIN G",I,8913006,
2012,Utah,UT,Scott Howell,democrat,301873,1006901,0,DEM,Scott Howell,HOWELL,"HOWELL, SCOTT N",C,421086,
2012,Vermont,VT,Bernard Sanders,independent,207848,292762,1,IND,Bernard Sanders,SANDERS,"SANDERS, BERNARD",I,6274553,
2012,Vermont,VT,John MacGovern,republican,72898,292762,0,REP,John MacGovern,MACGOVERN,"MACGOVERN, JOHN",C,135846,
2012,Virginia,VA,Timothy M. Kaine,democrat,2010067,3802196,1,DEM,Timothy M. Kaine,KAINE,"KAINE, TIMOTHY MICHAEL",I,18045722,
2012,Virginia,VA,George F. Allen,republican,1785542,3802196,0,REP,George F. Allen,ALLEN,"ALLEN, GEORGE",O,14352593,
2012,Washington,WA,Maria Cantwell,democrat,1855493,3069417,1,DEM,Maria Cantwell,CANTWELL,"CANTWELL, MARIA",I,9423369,
2012,Washington,WA,Michael Baumgartner,republican,1213924,3069417,0,REP,Michael Baumgartner,BAUMGARTNER,"BAUMGARTNER, MICHAEL JAMES",C,1037428,
2012,West Virginia,WV,Joe Manchin III,democrat,399898,660202,1,DEM,Joe Manchin,MANCHIN,"MANCHIN, JOE III",I,5071896,
2012,West Virginia,WV,John R. Raese,republican,240787,660202,0,REP,John R. Raese,RAESE,"RAESE, JOHN REEVES",C,1607740,
2012,Wisconsin,WI,Tammy Baldwin,democrat,1547104,3009411,1,DEM,Tammy Baldwin,BALDWIN,"BALDWIN, TAMMY",I,15089725.69,
2012,Wisconsin,WI,Tommy G. Thompson,republican,1380126,3009411,0,REP,Tommy G. Thompson,THOMPSON,"THOMPSON, TOMMY G",O,9835823,
2012,Wyoming,WY,John Barrasso,republican,185250,250700,1,REP,John Barrasso,BARRASSO,"BARRASSO, JOHN A",I,4012162,
2012,Wyoming,WY,Tim Chesnut,democrat,53019,250700,0,DEM,Tim Chesnut,CHESNUT,,,-1,
2016,Alabama,AL,Richard C. Shelby,republican,1335104,2087444,1,REP,Richard C. Shelby,SHELBY,"SHELBY, RICHARD C",I,3467640,
2016,Alabama,AL,Ron Crumpton,democrat,748709,2087444,0,DEM,Ron Crumpton,CRUMPTON,"CRUMPTON, RONALD (RON) STEVEN",C,33268,
2016,Alaska,AK,Lisa Murkowski,republican,138149,311441,1,REP,Lisa Murkowski,MURKOWSKI,"MURKOWSKI, LISA",I,4431094,
2016,Alaska,AK,Joe Miller,libertarian,90825,311441,0,LIB,Joe Miller,MILLER,"MILLER, JOSEPH W",C,387524,
2016,Arizona,AZ,John McCain,republican,1359267,2530730,1,REP,John McCain,MCCAIN,"MCCAIN, JOHN S",I,11756079.21,
2016,Arizona,AZ,Ann Kirkpatrick,democrat,1031245,2530730,0,DEM,Ann Kirkpatrick,KIRKPATRICK,"KIRKPATRICK, ANN LEILA",C,9283087,
2016,Arkansas,AR,John Boozman,republican,661984,1107522,1,REP,John Boozman,BOOZMAN,"BOOZMAN, JOHN",I,4178410,
2016,Arkansas,AR,Conner Eldridge,democrat,400602,1107522,0,DEM,Conner Eldridge,ELDRIDGE,"ELDRIDGE, CONNER",C,2279847,
2016,California,CA,Kamala D. Harris,democrat,7542753,12244170,1,DEM,Kamala D. Harris,HARRIS,"HARRIS, KAMALA D",O,15349610,
2016,California,CA,Loretta Sanchez,democrat,4701417,12244170,0,DEM,Loretta Sanchez,SANCHEZ,"SANCHEZ, LORETTA",O,4566565,
2016,Colorado,CO,Michael F. Bennet,democrat,1370710,2743023,1,DEM,Michael F. Bennet,BENNET,"BENNET, MICHAEL F",I,15575583,
2016,Colorado,CO,Darryl Glenn,republican,1215318,2743023,0,REP,Darryl Glenn,GLENN,"GLENN, DARRYL",C,4304687,
2016,Connecticut,CT,Richard Blumenthal,democrat,920766,1596276,1,DEM,Richard Blumenthal,BLUMENTHAL,"BLUMENTHAL, RICHARD",I,7362368,
2016,Connecticut,CT,Dan Carter,republican,552621,1596276,0,REP,Dan Carter,CARTER,"CARTER, DAN",C,383917,
2016,Florida,FL,Marco Rubio,republican,4835191,9301820,1,REP,Marco Rubio,RUBIO,"RUBIO, MARCO",I,16611419,
2016,Florida,FL,Patrick Murphy,democrat,4122088,9301820,0,DEM,Patrick Murphy,MURPHY,"MURPHY, PATRICK E",C,18700098.47,
2016,Georgia,GA,Johnny Isakson,republican,2135806,3898605,1,REP,Johnny Isakson,ISAKSON,"ISAKSON, JOHN HARDY",I,8483562.74,
2016,Georgia,GA,Jim Barksdale,democrat,1599726,3898605,0,DEM,Jim Barksdale,BARKSDALE,"BARKSDALE, JAMES FREEMAN",C,2921085,
2016,Hawaii,HI,Brian Schatz,democrat,306604,437664,1,DEM,Brian Schatz,SCHATZ,"SCHATZ, BRIAN",I,3842453.03,
2016,Hawaii,HI,John Carroll,republican,92653,437664,0,REP,John Carroll,CARROLL,"CARROLL, JOHN STANLEY",C,82940,
2016,Idaho,ID,Mike Crapo,republican,449017,678943,1,REP,Mike Crapo,CRAPO,"CRAPO, MICHAEL ",I,4289036,
2016,Idaho,ID,Jerry Sturgill,democrat,188249,678943,0,DEM,Jerry Sturgill,STURGILL,"STURGILL, JERRY",C,818485,
2016,Illinois,IL,Tammy Duckworth,democrat,3012940,5491878,1,DEM,Tammy Duckworth,DUCKWORTH,"DUCKWORTH, L TAMMY",C,16499322,
2016,Illinois,IL,Mark Kirk,republican,2184692,5491878,0,REP,Mark Kirk,KIRK,"KIRK, MARK STEVEN",I,8605868,
2016,Indiana,IN,Todd C. Young,republican,1423991,2732546,1,REP,Todd C. Young,YOUNG,"YOUNG, TODD CHRISTOPHER",O,10698358.53,
2016,Indiana,IN,Evan Bayh,democrat,1158947,2732546,0,DEM,Evan Bayh,BAYH,"BAYH, EVAN",O,4512158,
2016,Iowa,IA,Chuck Grassley,republican,926007,1541036,1,REP,Chuck Grassley,GRASSLEY,"GRASSLEY, CHARLES E SENATOR",I,8954942,
2016,Iowa,IA,Patty Judge,democrat,549460,1541036,0,DEM,Patty Judge,JUDGE,"JUDGE, PATTY JEAN",C,2253232.63,
2016,Kansas,KS,Jerry Moran,republican,732376,1177922,1,REP,Jerry Moran,MORAN,"MORAN, JERRY",I,4492732,
2016,Kansas,KS,Patrick Wiesner,democrat,379740,1177922,0,DEM,Patrick Wiesner,WIESNER,"WIESNER, PATRICK",C,36252,
2016,Kentucky,KY,Rand Paul,republican,1090177,1903465,1,REP,Rand Paul,PAUL,"PAUL, RAND",I,4951609.77,
2016,Kentucky,KY,Jim Gray,democrat,813246,1903465,0,DEM,Jim Gray,GRAY,"GRAY, JIM P",C,6381075,
2016,Louisiana,LA,John Kennedy,republican,536191,1997218,1,REP,John Kennedy,KENNEDY,"KENNEDY, JOHN NEELY",O,6238062.29,
2016,Louisiana,LA,Foster Campbell,democrat,347816,1997218,0,DEM,Foster Campbell,CAMPBELL,"CAMPBELL, FOSTER LONNNIE II",O,6359469,
2016,Maryland,MD,Chris Van Hollen,democrat,1659907,2726170,1,DEM,Chris Van Hollen,HOLLEN,,O,11960703,
2016,Maryland,MD,Kathy Szeliga,republican,972557,2726170,0,REP,Kathy Szeliga,SZELIGA,"SZELIGA, KATHY",O,1583476,
2016,Missouri,MO,Roy Blunt,republican,1378458,2802641,1,REP,Roy Blunt,BLUNT,"BLUNT, ROY",I,12077039,
2016,Missouri,MO,Jason Kander,democrat,1300200,2802641,0,DEM,Jason Kander,KANDER,"KANDER, JASON",C,13213897,
2016,Nevada,NV,Catherine Cortez Masto,democrat,521994,1108294,1,DEM,Catherine Cortez Masto,MASTO,"MASTO, CATHERINE CORTEZ",O,19968577.25,
2016,Nevada,NV,Joseph J. Heck,republican,495079,1108294,0,REP,Joseph J. Heck,HECK,"HECK, JOE",O,12356469,
2016,New Hampshire,NH,Maggie Hassan,democrat,354649,739140,1,DEM,Maggie Hassan,HASSAN,"HASSAN, MARGARET WOOD",C,18698223,
2016,New Hampshire,NH,Kelly Ayotte,republican,353632,739140,0,REP,Kelly Ayotte,AYOTTE,"AYOTTE, KELLY A",I,13980279.89,
2016,New York,NY,Charles E. Schumer,democrat,4784220,7800725,1,DEM,Charles E. Schumer,SCHUMER,"SCHUMER, CHARLES E",I,17442741,
2016,New York,NY,Wendy Long,republican,1723927,7800725,0,REP,Wendy Long,LONG,"LONG, WENDY",C,161236,
2016,North Carolina,NC,Richard Burr,republican,2395376,4691133,1,REP,Richard Burr,BURR,"BURR, RICHARD M",I,12566765,
2016,North Carolina,NC,Deborah K. Ross,democrat,2128165,4691133,0,DEM,Deborah K. Ross,ROSS,"ROSS, DEBORAH K",C,14458013,
2016,North Dakota,ND,John Hoeven,republican,268788,342501,1,REP,John Hoeven,HOEVEN,"HOEVEN, JOHN",I,2943354,
2016,North Dakota,ND,Eliot Glassheim,democrat,58116,342501,0,DEM,Eliot Glassheim,GLASSHEIM,"GLASSHEIM, ELIOT",C,21714,
2016,Ohio,OH,Rob Portman,republican,3118567,5374164,1,REP,Rob Portman,PORTMAN,"PORTMAN, ROB",I,19849495,
2016,Ohio,OH,Ted Strickland,democrat,1996908,5374164,0,DEM,Ted Strickland,STRICKLAND,"STRICKLAND, TED",C,10736947,
2016,Oklahoma,OK,James Lankford,republican,980892,1448047,1,REP,James Lankford,LANKFORD,"LANKFORD, JAMES PAUL",I,3041818,
2016,Oklahoma,OK,Mike Workman,democrat,355911,1448047,0,DEM,Mike Workman,WORKMAN,,,-1,
2016,Oregon,OR,Ron Wyden,democrat,1105119,1952478,1,DEM,Ron Wyden,WYDEN,"WYDEN, RONALD L",I,8685642,
2016,Oregon,OR,Mark Callahan,republican,651106,1952478,0,REP,Mark Callahan,CALLAHAN,"CALLAHAN, MARK ALLEN",C,36327,
2016,Pennsylvania,PA,Patrick J. Toomey,republican,2951702,6051856,1,REP,Patrick J. Toomey,TOOMEY,"TOOMEY, PATRICK JOSEPH",I,22084253,
2016,Pennsylvania,PA,Katie McGinty,democrat,2865012,6051856,0,DEM,Katie McGinty,MCGINTY,"MCGINTY, KATHLEEN ALANA",C,16592370,
2016,South Carolina,SC,Tim Scott,republican,1241609,2049893,1,REP,Tim Scott,SCOTT,"SCOTT, TIMOTHY E",I,6194855,
2016,South Carolina,SC,Thomas Dixon,democrat,704540,2049893,0,DEM,Thomas Dixon,DIXON,"DIXON, THOMAS ALAN",C,40236.05,
2016,South Dakota,SD,John R. Thune,republican,265516,369656,1,REP,John R. Thune,THUNE,"THUNE, JOHN",I,5170324,
2016,South Dakota,SD,Jay Williams,democrat,104140,369656,0,DEM,Jay Williams,WILLIAMS,"WILLIAMS, JAY HENLEY",C,70500,
2016,Utah,UT,Mike Lee,republican,760220,1115583,1,REP,Mike Lee,LEE,"LEE, MIKE",I,3981888.49,
2016,Utah,UT,Misty K. Snow,democrat,301858,1115583,0,DEM,Misty K. Snow,SNOW,"SNOW, MISTY K",C,77436,
2016,Vermont,VT,Patrick J. Leahy,democrat,192243,320467,1,DEM,Patrick J. Leahy,LEAHY,"LEAHY, PATRICK J",I,3930892.11,
2016,Vermont,VT,Scott Milne,republican,103637,320467,0,REP,Scott Milne,MILNE,"MILNE, SCOTT",C,127633,
2016,Washington,WA,Patty Murray,democrat,1913979,3243317,1,DEM,Patty Murray,MURRAY,"MURRAY, PATTY",I,10176110.19,
2016,Washington,WA,Chris Vance,republican,1329338,3243317,0,REP,Chris Vance,VANCE,"VANCE, CHRIS",C,445369,
2016,Wisconsin,WI,Ron Johnson,republican,1479471,2948741,1,REP,Ron Johnson,JOHNSON,"JOHNSON, RONALD HAROLD",I,17683385.71,
2016,Wisconsin,WI,Russ Feingold,democrat,1380335,2948741,0,DEM,Russ Feingold,FEINGOLD,"FEINGOLD, RUSSELL DANA",C,24857171,
